Flight_ID,Airline,Route,Date,Delay_Minutes,Delay_Type,Revenue,Month,Revenue_Loss
FL100000,SpiceJet,HYD-BOM,2024-01-01,39,Air Traffic,158125,January,3900
FL100001,Akasa Air,HYD-BOM,2024-01-02,20,Crew,442866,January,2000
FL100002,Vistara,HYD-BOM,2024-01-03,142,Crew,418226,January,14200
FL100003,Akasa Air,HYD-BOM,2024-01-04,98,Security,53696,January,9800
FL100004,Akasa Air,MAA-DEL,2024-01-05,25,Technical,176310,January,2500
FL100005,Air India,MAA-DEL,2024-01-06,7,Security,463274,January,700
FL100006,Vistara,BLR-PNQ,2024-01-07,99,Security,201385,January,9900
FL100007,Vistara,BOM-BLR,2024-01-08,86,Weather,331293,January,8600
FL100008,Vistara,DEL-BOM,2024-01-09,41,Air Traffic,442208,January,4100
FL100009,Akasa Air,HYD-BOM,2024-01-10,171,Crew,365665,January,17100
FL100010,SpiceJet,BLR-PNQ,2024-01-11,13,Technical,95740,January,1300
FL100011,Vistara,BOM-BLR,2024-01-12,77,Crew,156611,January,7700
FL100012,Akasa Air,DEL-BOM,2024-01-13,1,Crew,448172,January,100
FL100013,Air India,CCU-BOM,2024-01-14,118,Air Traffic,298922,January,11800
FL100014,SpiceJet,DEL-BLR,2024-01-15,36,Crew,378785,January,3600
FL100015,Air India,MAA-DEL,2024-01-16,68,Crew,113811,January,6800
FL100016,SpiceJet,CCU-BOM,2024-01-17,165,Security,495376,January,16500
FL100017,Akasa Air,DEL-BOM,2024-01-18,40,Air Traffic,232385,January,4000
FL100018,IndiGo,CCU-BOM,2024-01-19,61,Weather,113232,January,6100
FL100019,SpiceJet,DEL-BLR,2024-01-20,59,Technical,327561,January,5900
FL100020,Air India,BLR-PNQ,2024-01-21,124,Crew,205801,January,12400
FL100021,Akasa Air,DEL-BOM,2024-01-22,110,Technical,162492,January,11000
FL100022,SpiceJet,CCU-BOM,2024-01-23,13,Weather,80099,January,1300
FL100023,IndiGo,MAA-DEL,2024-01-24,83,Technical,279206,January,8300
FL100024,IndiGo,MAA-DEL,2024-01-25,129,Weather,473177,January,12900
FL100025,Vistara,BOM-BLR,2024-01-26,69,Security,455818,January,6900
FL100026,Vistara,CCU-BOM,2024-01-27,144,Crew,168474,January,14400
FL100027,Air India,HYD-BOM,2024-01-28,122,Weather,321400,January,12200
FL100028,SpiceJet,CCU-BOM,2024-01-29,88,Technical,293588,January,8800
FL100029,SpiceJet,BLR-PNQ,2024-01-30,27,Crew,84681,January,2700
FL100030,Vistara,DEL-BOM,2024-01-31,65,Security,141328,January,6500
FL100031,SpiceJet,DEL-BOM,2024-02-01,162,Crew,268512,February,16200
FL100032,SpiceJet,BLR-PNQ,2024-02-02,4,Weather,355505,February,400
FL100033,IndiGo,CCU-BOM,2024-02-03,167,Security,84540,February,16700
FL100034,Vistara,BLR-PNQ,2024-02-04,163,Technical,207608,February,16300
FL100035,Akasa Air,DEL-BLR,2024-02-05,44,Security,134700,February,4400
FL100036,Vistara,BLR-PNQ,2024-02-06,150,Security,390676,February,15000
FL100037,Akasa Air,MAA-DEL,2024-02-07,46,Air Traffic,237647,February,4600
FL100038,IndiGo,BLR-PNQ,2024-02-08,30,Security,439770,February,3000
FL100039,Air India,DEL-BOM,2024-02-09,138,Security,446087,February,13800
FL100040,SpiceJet,MAA-DEL,2024-02-10,9,Crew,96002,February,900
FL100041,IndiGo,DEL-BOM,2024-02-11,117,Technical,99812,February,11700
FL100042,SpiceJet,BOM-BLR,2024-02-12,13,Crew,465842,February,1300
FL100043,Air India,HYD-BOM,2024-02-13,79,Crew,241051,February,7900
FL100044,Air India,DEL-BOM,2024-02-14,92,Weather,307906,February,9200
FL100045,IndiGo,MAA-DEL,2024-02-15,9,Crew,158946,February,900
FL100046,Air India,BOM-BLR,2024-02-16,75,Air Traffic,116668,February,7500
FL100047,Akasa Air,DEL-BOM,2024-02-17,93,Air Traffic,149003,February,9300
FL100048,Air India,DEL-BLR,2024-02-18,104,Weather,261142,February,10400
FL100049,SpiceJet,BLR-PNQ,2024-02-19,0,Technical,270462,February,0
FL100050,SpiceJet,HYD-BOM,2024-02-20,132,Technical,355142,February,13200
FL100051,SpiceJet,DEL-BOM,2024-02-21,19,Crew,244886,February,1900
FL100052,SpiceJet,BOM-BLR,2024-02-22,7,Crew,154601,February,700
FL100053,Akasa Air,DEL-BLR,2024-02-23,170,Crew,488823,February,17000
FL100054,Vistara,CCU-BOM,2024-02-24,0,Technical,319956,February,0
FL100055,IndiGo,BOM-BLR,2024-02-25,56,Security,111844,February,5600
FL100056,SpiceJet,BLR-PNQ,2024-02-26,63,Air Traffic,251165,February,6300
FL100057,Air India,BOM-BLR,2024-02-27,117,Security,445395,February,11700
FL100058,SpiceJet,DEL-BLR,2024-02-28,27,Security,224870,February,2700
FL100059,Air India,BOM-BLR,2024-02-29,120,Technical,124601,February,12000
FL100060,Air India,DEL-BLR,2024-03-01,106,Security,451491,March,10600
FL100061,SpiceJet,DEL-BOM,2024-03-02,164,Weather,493790,March,16400
FL100062,Akasa Air,DEL-BLR,2024-03-03,174,Crew,360001,March,17400
FL100063,Air India,DEL-BLR,2024-03-04,164,Weather,437699,March,16400
FL100064,Air India,HYD-BOM,2024-03-05,48,Air Traffic,332844,March,4800
FL100065,SpiceJet,DEL-BLR,2024-03-06,119,Crew,307927,March,11900
FL100066,Air India,DEL-BLR,2024-03-07,43,Security,482680,March,4300
FL100067,Air India,CCU-BOM,2024-03-08,55,Air Traffic,223423,March,5500
FL100068,SpiceJet,DEL-BOM,2024-03-09,155,Crew,143330,March,15500
FL100069,SpiceJet,BLR-PNQ,2024-03-10,110,Security,275391,March,11000
FL100070,IndiGo,HYD-BOM,2024-03-11,133,Weather,263606,March,13300
FL100071,Akasa Air,CCU-BOM,2024-03-12,107,Crew,457085,March,10700
FL100072,Akasa Air,MAA-DEL,2024-03-13,147,Security,241387,March,14700
FL100073,Air India,DEL-BOM,2024-03-14,113,Weather,291133,March,11300
FL100074,Akasa Air,DEL-BOM,2024-03-15,77,Air Traffic,464170,March,7700
FL100075,Air India,MAA-DEL,2024-03-16,129,Air Traffic,212627,March,12900
FL100076,IndiGo,BLR-PNQ,2024-03-17,36,Air Traffic,375497,March,3600
FL100077,SpiceJet,DEL-BLR,2024-03-18,19,Air Traffic,488242,March,1900
FL100078,SpiceJet,CCU-BOM,2024-03-19,25,Technical,412916,March,2500
FL100079,SpiceJet,BOM-BLR,2024-03-20,28,Crew,228048,March,2800
FL100080,Akasa Air,HYD-BOM,2024-03-21,0,Crew,403646,March,0
FL100081,IndiGo,BOM-BLR,2024-03-22,118,Technical,426087,March,11800
FL100082,Akasa Air,MAA-DEL,2024-03-23,34,Security,421994,March,3400
FL100083,Akasa Air,DEL-BOM,2024-03-24,58,Security,95095,March,5800
FL100084,IndiGo,BLR-PNQ,2024-03-25,68,Air Traffic,195342,March,6800
FL100085,IndiGo,DEL-BOM,2024-03-26,160,Weather,211980,March,16000
FL100086,IndiGo,HYD-BOM,2024-03-27,178,Security,327667,March,17800
FL100087,IndiGo,DEL-BOM,2024-03-28,11,Weather,112433,March,1100
FL100088,SpiceJet,DEL-BOM,2024-03-29,19,Crew,490284,March,1900
FL100089,Vistara,HYD-BOM,2024-03-30,180,Weather,69991,March,18000
FL100090,Vistara,CCU-BOM,2024-03-31,42,Crew,322919,March,4200
FL100091,IndiGo,CCU-BOM,2024-04-01,125,Technical,397139,April,12500
FL100092,Vistara,HYD-BOM,2024-04-02,49,Technical,197745,April,4900
FL100093,Vistara,BLR-PNQ,2024-04-03,28,Air Traffic,172808,April,2800
FL100094,IndiGo,MAA-DEL,2024-04-04,38,Security,208128,April,3800
FL100095,Vistara,DEL-BOM,2024-04-05,170,Air Traffic,187686,April,17000
FL100096,Akasa Air,BLR-PNQ,2024-04-06,177,Crew,57415,April,17700
FL100097,Air India,DEL-BOM,2024-04-07,150,Air Traffic,296038,April,15000
FL100098,Air India,MAA-DEL,2024-04-08,171,Weather,487100,April,17100
FL100099,IndiGo,CCU-BOM,2024-04-09,37,Crew,460180,April,3700
FL100100,SpiceJet,BLR-PNQ,2024-04-10,83,Technical,480942,April,8300
FL100101,IndiGo,DEL-BLR,2024-04-11,150,Security,304205,April,15000
FL100102,SpiceJet,DEL-BLR,2024-04-12,127,Crew,349188,April,12700
FL100103,Air India,DEL-BLR,2024-04-13,125,Crew,238221,April,12500
FL100104,IndiGo,CCU-BOM,2024-04-14,44,Weather,218616,April,4400
FL100105,Akasa Air,CCU-BOM,2024-04-15,51,Security,99976,April,5100
FL100106,Vistara,MAA-DEL,2024-04-16,79,Technical,475468,April,7900
FL100107,SpiceJet,DEL-BOM,2024-04-17,177,Crew,315976,April,17700
FL100108,Vistara,MAA-DEL,2024-04-18,123,Crew,271883,April,12300
FL100109,Vistara,MAA-DEL,2024-04-19,118,Weather,261509,April,11800
FL100110,IndiGo,CCU-BOM,2024-04-20,7,Air Traffic,346292,April,700
FL100111,Vistara,DEL-BLR,2024-04-21,84,Technical,289241,April,8400
FL100112,Akasa Air,BOM-BLR,2024-04-22,128,Security,269526,April,12800
FL100113,Vistara,DEL-BOM,2024-04-23,7,Crew,424374,April,700
FL100114,IndiGo,CCU-BOM,2024-04-24,156,Crew,397220,April,15600
FL100115,Akasa Air,DEL-BLR,2024-04-25,95,Technical,496675,April,9500
FL100116,Air India,BLR-PNQ,2024-04-26,101,Air Traffic,350546,April,10100
FL100117,Vistara,BOM-BLR,2024-04-27,4,Crew,238799,April,400
FL100118,IndiGo,BOM-BLR,2024-04-28,85,Technical,88578,April,8500
FL100119,Air India,CCU-BOM,2024-04-29,174,Weather,140453,April,17400
FL100120,Air India,HYD-BOM,2024-04-30,33,Air Traffic,465534,April,3300
FL100121,SpiceJet,DEL-BOM,2024-05-01,54,Security,387859,May,5400
FL100122,Akasa Air,BOM-BLR,2024-05-02,118,Crew,258859,May,11800
FL100123,Vistara,CCU-BOM,2024-05-03,170,Technical,161435,May,17000
FL100124,IndiGo,CCU-BOM,2024-05-04,157,Weather,266101,May,15700
FL100125,SpiceJet,DEL-BLR,2024-05-05,113,Security,201538,May,11300
FL100126,Akasa Air,BLR-PNQ,2024-05-06,144,Technical,407886,May,14400
FL100127,SpiceJet,HYD-BOM,2024-05-07,25,Technical,95475,May,2500
FL100128,Akasa Air,DEL-BOM,2024-05-08,135,Security,372286,May,13500
FL100129,Akasa Air,MAA-DEL,2024-05-09,46,Weather,266232,May,4600
FL100130,Vistara,BLR-PNQ,2024-05-10,112,Weather,207636,May,11200
FL100131,Akasa Air,BLR-PNQ,2024-05-11,75,Air Traffic,203484,May,7500
FL100132,SpiceJet,DEL-BLR,2024-05-12,71,Crew,143526,May,7100
FL100133,Akasa Air,BOM-BLR,2024-05-13,88,Security,101001,May,8800
FL100134,Vistara,BOM-BLR,2024-05-14,45,Security,369793,May,4500
FL100135,Vistara,DEL-BLR,2024-05-15,32,Security,242029,May,3200
FL100136,SpiceJet,CCU-BOM,2024-05-16,0,Weather,478733,May,0
FL100137,Air India,BOM-BLR,2024-05-17,146,Crew,194228,May,14600
FL100138,Air India,HYD-BOM,2024-05-18,30,Air Traffic,466280,May,3000
FL100139,Akasa Air,DEL-BOM,2024-05-19,141,Technical,75711,May,14100
FL100140,IndiGo,BLR-PNQ,2024-05-20,52,Technical,80106,May,5200
FL100141,Akasa Air,BLR-PNQ,2024-05-21,47,Security,377602,May,4700
FL100142,SpiceJet,HYD-BOM,2024-05-22,68,Crew,459805,May,6800
FL100143,SpiceJet,BOM-BLR,2024-05-23,104,Weather,442573,May,10400
FL100144,SpiceJet,BLR-PNQ,2024-05-24,89,Crew,267583,May,8900
FL100145,SpiceJet,MAA-DEL,2024-05-25,62,Crew,413898,May,6200
FL100146,SpiceJet,DEL-BOM,2024-05-26,72,Weather,188286,May,7200
FL100147,Vistara,DEL-BOM,2024-05-27,160,Security,277189,May,16000
FL100148,Air India,BLR-PNQ,2024-05-28,168,Crew,176479,May,16800
FL100149,SpiceJet,DEL-BLR,2024-05-29,88,Technical,470343,May,8800
FL100150,IndiGo,BLR-PNQ,2024-05-30,175,Weather,186213,May,17500
FL100151,IndiGo,DEL-BLR,2024-05-31,12,Air Traffic,78884,May,1200
FL100152,IndiGo,BLR-PNQ,2024-06-01,72,Security,314852,June,7200
FL100153,IndiGo,MAA-DEL,2024-06-02,76,Weather,330519,June,7600
FL100154,Vistara,CCU-BOM,2024-06-03,158,Air Traffic,65088,June,15800
FL100155,IndiGo,DEL-BOM,2024-06-04,67,Air Traffic,369759,June,6700
FL100156,SpiceJet,BLR-PNQ,2024-06-05,97,Crew,422282,June,9700
FL100157,Akasa Air,MAA-DEL,2024-06-06,124,Crew,226118,June,12400
FL100158,IndiGo,DEL-BLR,2024-06-07,101,Crew,322158,June,10100
FL100159,Vistara,DEL-BLR,2024-06-08,131,Weather,245497,June,13100
FL100160,Vistara,DEL-BOM,2024-06-09,101,Weather,446489,June,10100
FL100161,IndiGo,HYD-BOM,2024-06-10,18,Security,228207,June,1800
FL100162,Akasa Air,BLR-PNQ,2024-06-11,81,Crew,414986,June,8100
FL100163,IndiGo,BOM-BLR,2024-06-12,140,Air Traffic,474097,June,14000
FL100164,Vistara,DEL-BLR,2024-06-13,22,Technical,128077,June,2200
FL100165,Air India,CCU-BOM,2024-06-14,82,Security,189784,June,8200
FL100166,SpiceJet,CCU-BOM,2024-06-15,108,Weather,255776,June,10800
FL100167,Vistara,DEL-BLR,2024-06-16,74,Security,365018,June,7400
FL100168,IndiGo,HYD-BOM,2024-06-17,128,Security,119087,June,12800
FL100169,SpiceJet,HYD-BOM,2024-06-18,87,Security,324441,June,8700
FL100170,IndiGo,MAA-DEL,2024-06-19,53,Security,290341,June,5300
FL100171,IndiGo,CCU-BOM,2024-06-20,88,Technical,339272,June,8800
FL100172,Air India,MAA-DEL,2024-06-21,142,Crew,118368,June,14200
FL100173,SpiceJet,CCU-BOM,2024-06-22,64,Air Traffic,269571,June,6400
FL100174,SpiceJet,BLR-PNQ,2024-06-23,75,Security,391102,June,7500
FL100175,Air India,BLR-PNQ,2024-06-24,142,Security,345064,June,14200
FL100176,Vistara,BOM-BLR,2024-06-25,148,Security,301514,June,14800
FL100177,IndiGo,BLR-PNQ,2024-06-26,146,Crew,454372,June,14600
FL100178,Akasa Air,BOM-BLR,2024-06-27,59,Weather,192180,June,5900
FL100179,IndiGo,BLR-PNQ,2024-06-28,92,Weather,475061,June,9200
FL100180,IndiGo,DEL-BOM,2024-06-29,160,Technical,446016,June,16000
FL100181,Vistara,BLR-PNQ,2024-06-30,48,Weather,309904,June,4800
FL100182,IndiGo,MAA-DEL,2024-07-01,34,Security,485928,July,3400
FL100183,Air India,DEL-BLR,2024-07-02,171,Security,445826,July,17100
FL100184,Air India,MAA-DEL,2024-07-03,101,Security,127603,July,10100
FL100185,SpiceJet,DEL-BLR,2024-07-04,10,Technical,83872,July,1000
FL100186,Akasa Air,HYD-BOM,2024-07-05,98,Security,322872,July,9800
FL100187,IndiGo,MAA-DEL,2024-07-06,109,Weather,407246,July,10900
FL100188,IndiGo,HYD-BOM,2024-07-07,73,Crew,434193,July,7300
FL100189,Vistara,BOM-BLR,2024-07-08,173,Crew,332727,July,17300
FL100190,Air India,BOM-BLR,2024-07-09,8,Air Traffic,135774,July,800
FL100191,Akasa Air,DEL-BOM,2024-07-10,2,Weather,450479,July,200
FL100192,SpiceJet,BLR-PNQ,2024-07-11,84,Security,438518,July,8400
FL100193,Air India,MAA-DEL,2024-07-12,25,Crew,248522,July,2500
FL100194,SpiceJet,HYD-BOM,2024-07-13,71,Weather,270357,July,7100
FL100195,Vistara,DEL-BLR,2024-07-14,47,Crew,462672,July,4700
FL100196,Vistara,BOM-BLR,2024-07-15,155,Security,403262,July,15500
FL100197,IndiGo,BLR-PNQ,2024-07-16,116,Crew,115942,July,11600
FL100198,Akasa Air,BOM-BLR,2024-07-17,153,Air Traffic,63689,July,15300
FL100199,SpiceJet,DEL-BLR,2024-07-18,152,Air Traffic,476150,July,15200
FL100200,Air India,BLR-PNQ,2024-07-19,11,Crew,83276,July,1100
FL100201,Vistara,BLR-PNQ,2024-07-20,132,Weather,151968,July,13200
FL100202,IndiGo,HYD-BOM,2024-07-21,47,Weather,463089,July,4700
FL100203,IndiGo,HYD-BOM,2024-07-22,36,Weather,325194,July,3600
FL100204,SpiceJet,MAA-DEL,2024-07-23,43,Crew,116216,July,4300
FL100205,Vistara,MAA-DEL,2024-07-24,14,Weather,265516,July,1400
FL100206,Akasa Air,CCU-BOM,2024-07-25,42,Security,396184,July,4200
FL100207,Vistara,CCU-BOM,2024-07-26,175,Air Traffic,71644,July,17500
FL100208,SpiceJet,DEL-BOM,2024-07-27,86,Security,112021,July,8600
FL100209,SpiceJet,BOM-BLR,2024-07-28,69,Weather,218197,July,6900
FL100210,Vistara,MAA-DEL,2024-07-29,45,Security,92291,July,4500
FL100211,SpiceJet,HYD-BOM,2024-07-30,107,Weather,478276,July,10700
FL100212,Vistara,DEL-BLR,2024-07-31,122,Crew,444754,July,12200
FL100213,Air India,HYD-BOM,2024-08-01,170,Security,479392,August,17000
FL100214,Vistara,BOM-BLR,2024-08-02,20,Crew,353664,August,2000
FL100215,Vistara,CCU-BOM,2024-08-03,150,Crew,75675,August,15000
FL100216,SpiceJet,HYD-BOM,2024-08-04,106,Technical,199359,August,10600
FL100217,SpiceJet,DEL-BOM,2024-08-05,79,Weather,312318,August,7900
FL100218,IndiGo,BOM-BLR,2024-08-06,46,Air Traffic,142268,August,4600
FL100219,IndiGo,CCU-BOM,2024-08-07,116,Weather,347142,August,11600
FL100220,Air India,DEL-BLR,2024-08-08,123,Air Traffic,234384,August,12300
FL100221,IndiGo,CCU-BOM,2024-08-09,142,Weather,455328,August,14200
FL100222,Vistara,BLR-PNQ,2024-08-10,24,Crew,155410,August,2400
FL100223,SpiceJet,DEL-BOM,2024-08-11,35,Security,387369,August,3500
FL100224,IndiGo,BOM-BLR,2024-08-12,50,Security,356958,August,5000
FL100225,IndiGo,DEL-BLR,2024-08-13,14,Technical,397235,August,1400
FL100226,Air India,DEL-BOM,2024-08-14,67,Air Traffic,362863,August,6700
FL100227,Air India,CCU-BOM,2024-08-15,20,Air Traffic,179887,August,2000
FL100228,Vistara,DEL-BOM,2024-08-16,140,Air Traffic,346063,August,14000
FL100229,SpiceJet,BOM-BLR,2024-08-17,18,Crew,385299,August,1800
FL100230,Air India,MAA-DEL,2024-08-18,33,Air Traffic,383713,August,3300
FL100231,IndiGo,DEL-BOM,2024-08-19,77,Security,353472,August,7700
FL100232,SpiceJet,BLR-PNQ,2024-08-20,124,Crew,251554,August,12400
FL100233,SpiceJet,DEL-BOM,2024-08-21,116,Weather,336762,August,11600
FL100234,IndiGo,CCU-BOM,2024-08-22,51,Air Traffic,84675,August,5100
FL100235,Air India,CCU-BOM,2024-08-23,26,Air Traffic,331063,August,2600
FL100236,IndiGo,DEL-BLR,2024-08-24,156,Weather,316317,August,15600
FL100237,SpiceJet,CCU-BOM,2024-08-25,155,Air Traffic,421513,August,15500
FL100238,Akasa Air,HYD-BOM,2024-08-26,34,Weather,338544,August,3400
FL100239,Akasa Air,BOM-BLR,2024-08-27,135,Crew,231517,August,13500
FL100240,Vistara,BOM-BLR,2024-08-28,143,Security,120305,August,14300
FL100241,IndiGo,MAA-DEL,2024-08-29,105,Weather,218636,August,10500
FL100242,IndiGo,MAA-DEL,2024-08-30,163,Technical,489030,August,16300
FL100243,Vistara,BOM-BLR,2024-08-31,157,Weather,138791,August,15700
FL100244,Vistara,BLR-PNQ,2024-09-01,145,Air Traffic,209034,September,14500
FL100245,Vistara,MAA-DEL,2024-09-02,1,Crew,120533,September,100
FL100246,SpiceJet,DEL-BLR,2024-09-03,176,Crew,237256,September,17600
FL100247,IndiGo,CCU-BOM,2024-09-04,76,Weather,415735,September,7600
FL100248,SpiceJet,BOM-BLR,2024-09-05,131,Security,191650,September,13100
FL100249,Vistara,MAA-DEL,2024-09-06,89,Technical,181060,September,8900
FL100250,IndiGo,BOM-BLR,2024-09-07,88,Crew,199696,September,8800
FL100251,SpiceJet,HYD-BOM,2024-09-08,93,Air Traffic,351338,September,9300
FL100252,SpiceJet,DEL-BOM,2024-09-09,6,Air Traffic,422047,September,600
FL100253,Vistara,CCU-BOM,2024-09-10,94,Security,443605,September,9400
FL100254,IndiGo,BOM-BLR,2024-09-11,107,Crew,411447,September,10700
FL100255,Vistara,DEL-BOM,2024-09-12,73,Weather,292188,September,7300
FL100256,IndiGo,MAA-DEL,2024-09-13,38,Air Traffic,426047,September,3800
FL100257,Akasa Air,DEL-BOM,2024-09-14,140,Security,379535,September,14000
FL100258,Air India,CCU-BOM,2024-09-15,158,Crew,287501,September,15800
FL100259,Air India,BOM-BLR,2024-09-16,70,Crew,457010,September,7000
FL100260,Air India,HYD-BOM,2024-09-17,55,Crew,370146,September,5500
FL100261,Vistara,BLR-PNQ,2024-09-18,169,Crew,347675,September,16900
FL100262,Akasa Air,MAA-DEL,2024-09-19,41,Crew,233887,September,4100
FL100263,IndiGo,BOM-BLR,2024-09-20,35,Air Traffic,54986,September,3500
FL100264,SpiceJet,CCU-BOM,2024-09-21,83,Security,344442,September,8300
FL100265,IndiGo,MAA-DEL,2024-09-22,117,Crew,313625,September,11700
FL100266,SpiceJet,DEL-BLR,2024-09-23,6,Technical,368552,September,600
FL100267,IndiGo,DEL-BOM,2024-09-24,53,Technical,250339,September,5300
FL100268,Akasa Air,BLR-PNQ,2024-09-25,128,Security,171950,September,12800
FL100269,SpiceJet,CCU-BOM,2024-09-26,171,Weather,460051,September,17100
FL100270,Vistara,DEL-BLR,2024-09-27,119,Weather,175355,September,11900
FL100271,IndiGo,BOM-BLR,2024-09-28,172,Weather,77798,September,17200
FL100272,IndiGo,HYD-BOM,2024-09-29,105,Technical,141649,September,10500
FL100273,SpiceJet,MAA-DEL,2024-09-30,46,Weather,377031,September,4600
FL100274,Vistara,DEL-BOM,2024-10-01,122,Air Traffic,69477,October,12200
FL100275,Vistara,MAA-DEL,2024-10-02,140,Crew,460482,October,14000
FL100276,Akasa Air,BLR-PNQ,2024-10-03,118,Technical,267400,October,11800
FL100277,Vistara,BOM-BLR,2024-10-04,149,Security,267060,October,14900
FL100278,Vistara,MAA-DEL,2024-10-05,117,Security,439959,October,11700
FL100279,Vistara,DEL-BOM,2024-10-06,20,Crew,486742,October,2000
FL100280,Air India,BOM-BLR,2024-10-07,136,Technical,439570,October,13600
FL100281,Akasa Air,MAA-DEL,2024-10-08,25,Weather,455105,October,2500
FL100282,IndiGo,HYD-BOM,2024-10-09,8,Weather,336479,October,800
FL100283,SpiceJet,CCU-BOM,2024-10-10,14,Air Traffic,454470,October,1400
FL100284,IndiGo,BOM-BLR,2024-10-11,9,Air Traffic,398754,October,900
FL100285,Akasa Air,CCU-BOM,2024-10-12,121,Weather,323586,October,12100
FL100286,SpiceJet,BOM-BLR,2024-10-13,120,Security,358433,October,12000
FL100287,Akasa Air,HYD-BOM,2024-10-14,124,Security,365891,October,12400
FL100288,Vistara,CCU-BOM,2024-10-15,169,Air Traffic,349471,October,16900
FL100289,SpiceJet,DEL-BLR,2024-10-16,71,Crew,459415,October,7100
FL100290,Vistara,DEL-BOM,2024-10-17,151,Weather,384971,October,15100
FL100291,IndiGo,DEL-BLR,2024-10-18,48,Air Traffic,156464,October,4800
FL100292,IndiGo,MAA-DEL,2024-10-19,153,Air Traffic,181184,October,15300
FL100293,SpiceJet,HYD-BOM,2024-10-20,90,Weather,137051,October,9000
FL100294,SpiceJet,DEL-BLR,2024-10-21,36,Weather,200653,October,3600
FL100295,Akasa Air,BOM-BLR,2024-10-22,67,Security,295300,October,6700
FL100296,Akasa Air,MAA-DEL,2024-10-23,49,Crew,109722,October,4900
FL100297,Vistara,MAA-DEL,2024-10-24,151,Crew,142036,October,15100
FL100298,SpiceJet,DEL-BLR,2024-10-25,18,Weather,278634,October,1800
FL100299,IndiGo,DEL-BLR,2024-10-26,99,Technical,197595,October,9900
FL100300,Akasa Air,HYD-BOM,2024-10-27,59,Air Traffic,379104,October,5900
FL100301,Akasa Air,DEL-BOM,2024-10-28,166,Air Traffic,298709,October,16600
FL100302,IndiGo,DEL-BLR,2024-10-29,88,Weather,331696,October,8800
FL100303,Akasa Air,BLR-PNQ,2024-10-30,145,Technical,191880,October,14500
FL100304,Vistara,DEL-BLR,2024-10-31,146,Security,285419,October,14600
FL100305,SpiceJet,CCU-BOM,2024-11-01,163,Weather,204692,November,16300
FL100306,IndiGo,BOM-BLR,2024-11-02,68,Weather,313031,November,6800
FL100307,SpiceJet,BLR-PNQ,2024-11-03,174,Air Traffic,343946,November,17400
FL100308,Akasa Air,BLR-PNQ,2024-11-04,48,Weather,135024,November,4800
FL100309,Akasa Air,CCU-BOM,2024-11-05,107,Weather,295809,November,10700
FL100310,IndiGo,CCU-BOM,2024-11-06,160,Weather,168639,November,16000
FL100311,Vistara,MAA-DEL,2024-11-07,118,Air Traffic,430392,November,11800
FL100312,Air India,DEL-BOM,2024-11-08,148,Security,131938,November,14800
FL100313,IndiGo,BOM-BLR,2024-11-09,149,Security,267813,November,14900
FL100314,Air India,HYD-BOM,2024-11-10,175,Weather,302100,November,17500
FL100315,Air India,BLR-PNQ,2024-11-11,36,Air Traffic,434890,November,3600
FL100316,Vistara,HYD-BOM,2024-11-12,142,Security,338193,November,14200
FL100317,Air India,DEL-BLR,2024-11-13,162,Security,389933,November,16200
FL100318,Air India,DEL-BLR,2024-11-14,159,Security,134526,November,15900
FL100319,Vistara,HYD-BOM,2024-11-15,10,Air Traffic,451062,November,1000
FL100320,Air India,DEL-BLR,2024-11-16,137,Air Traffic,96220,November,13700
FL100321,Air India,DEL-BOM,2024-11-17,77,Weather,358307,November,7700
FL100322,Air India,CCU-BOM,2024-11-18,76,Crew,446981,November,7600
FL100323,IndiGo,DEL-BLR,2024-11-19,152,Security,429270,November,15200
FL100324,IndiGo,MAA-DEL,2024-11-20,1,Crew,393630,November,100
FL100325,IndiGo,DEL-BLR,2024-11-21,63,Air Traffic,488486,November,6300
FL100326,Vistara,BOM-BLR,2024-11-22,34,Air Traffic,125277,November,3400
FL100327,Akasa Air,DEL-BOM,2024-11-23,6,Air Traffic,416389,November,600
FL100328,Air India,BOM-BLR,2024-11-24,84,Crew,172332,November,8400
FL100329,Air India,BOM-BLR,2024-11-25,145,Air Traffic,284231,November,14500
FL100330,Vistara,MAA-DEL,2024-11-26,66,Weather,72931,November,6600
FL100331,Air India,DEL-BOM,2024-11-27,41,Air Traffic,139116,November,4100
FL100332,IndiGo,DEL-BOM,2024-11-28,117,Technical,301671,November,11700
FL100333,Akasa Air,DEL-BOM,2024-11-29,124,Crew,367777,November,12400
FL100334,SpiceJet,DEL-BOM,2024-11-30,166,Technical,101913,November,16600
FL100335,Air India,DEL-BOM,2024-12-01,168,Air Traffic,300216,December,16800
FL100336,IndiGo,MAA-DEL,2024-12-02,23,Weather,144776,December,2300
FL100337,SpiceJet,DEL-BLR,2024-12-03,45,Security,75991,December,4500
FL100338,Akasa Air,BOM-BLR,2024-12-04,18,Air Traffic,235917,December,1800
FL100339,SpiceJet,DEL-BOM,2024-12-05,67,Weather,154092,December,6700
FL100340,IndiGo,BLR-PNQ,2024-12-06,101,Crew,279577,December,10100
FL100341,SpiceJet,DEL-BLR,2024-12-07,41,Technical,236384,December,4100
FL100342,Vistara,DEL-BLR,2024-12-08,31,Technical,453777,December,3100
FL100343,SpiceJet,BOM-BLR,2024-12-09,166,Technical,460117,December,16600
FL100344,Air India,MAA-DEL,2024-12-10,108,Crew,287113,December,10800
FL100345,Air India,HYD-BOM,2024-12-11,35,Weather,145556,December,3500
FL100346,Vistara,HYD-BOM,2024-12-12,96,Crew,375019,December,9600
FL100347,IndiGo,DEL-BLR,2024-12-13,163,Technical,206989,December,16300
FL100348,Air India,CCU-BOM,2024-12-14,130,Air Traffic,374264,December,13000
FL100349,Akasa Air,CCU-BOM,2024-12-15,72,Security,445204,December,7200
FL100350,Air India,BOM-BLR,2024-12-16,135,Crew,422185,December,13500
FL100351,Air India,HYD-BOM,2024-12-17,96,Crew,178467,December,9600
FL100352,IndiGo,DEL-BLR,2024-12-18,122,Weather,457472,December,12200
FL100353,SpiceJet,MAA-DEL,2024-12-19,69,Weather,430634,December,6900
FL100354,Air India,HYD-BOM,2024-12-20,168,Crew,268800,December,16800
FL100355,Vistara,DEL-BLR,2024-12-21,12,Technical,176155,December,1200
FL100356,SpiceJet,DEL-BLR,2024-12-22,48,Security,340374,December,4800
FL100357,Akasa Air,DEL-BOM,2024-12-23,59,Weather,109778,December,5900
FL100358,IndiGo,MAA-DEL,2024-12-24,129,Technical,95833,December,12900
FL100359,Akasa Air,DEL-BOM,2024-12-25,4,Air Traffic,334769,December,400
FL100360,SpiceJet,BOM-BLR,2024-12-26,171,Weather,82088,December,17100
FL100361,SpiceJet,DEL-BOM,2024-12-27,26,Technical,260722,December,2600
FL100362,SpiceJet,BLR-PNQ,2024-12-28,159,Technical,484383,December,15900
FL100363,Akasa Air,DEL-BOM,2024-12-29,148,Security,416081,December,14800
FL100364,SpiceJet,BLR-PNQ,2024-12-30,7,Security,246375,December,700
FL100365,Akasa Air,HYD-BOM,2024-12-31,49,Air Traffic,126361,December,4900
FL100366,SpiceJet,CCU-BOM,2025-01-01,66,Technical,400373,January,6600
FL100367,Vistara,DEL-BLR,2025-01-02,43,Technical,185189,January,4300
FL100368,SpiceJet,BLR-PNQ,2025-01-03,124,Security,140265,January,12400
FL100369,Akasa Air,MAA-DEL,2025-01-04,57,Weather,147718,January,5700
FL100370,Air India,DEL-BOM,2025-01-05,2,Weather,372854,January,200
FL100371,SpiceJet,BLR-PNQ,2025-01-06,85,Crew,144876,January,8500
FL100372,Air India,MAA-DEL,2025-01-07,69,Security,80949,January,6900
FL100373,Vistara,CCU-BOM,2025-01-08,129,Crew,465763,January,12900
FL100374,IndiGo,CCU-BOM,2025-01-09,171,Security,262954,January,17100
FL100375,Vistara,DEL-BOM,2025-01-10,1,Air Traffic,380280,January,100
FL100376,SpiceJet,BOM-BLR,2025-01-11,101,Technical,161541,January,10100
FL100377,Air India,DEL-BOM,2025-01-12,34,Air Traffic,245691,January,3400
FL100378,Air India,HYD-BOM,2025-01-13,97,Security,111842,January,9700
FL100379,Akasa Air,BLR-PNQ,2025-01-14,29,Technical,282930,January,2900
FL100380,Air India,DEL-BLR,2025-01-15,115,Weather,339134,January,11500
FL100381,Akasa Air,BOM-BLR,2025-01-16,7,Weather,197265,January,700
FL100382,IndiGo,DEL-BOM,2025-01-17,149,Crew,342253,January,14900
FL100383,SpiceJet,MAA-DEL,2025-01-18,43,Security,180356,January,4300
FL100384,Akasa Air,BOM-BLR,2025-01-19,35,Security,462449,January,3500
FL100385,IndiGo,BLR-PNQ,2025-01-20,76,Weather,294629,January,7600
FL100386,Air India,BOM-BLR,2025-01-21,30,Air Traffic,262802,January,3000
FL100387,Air India,BLR-PNQ,2025-01-22,46,Technical,440277,January,4600
FL100388,IndiGo,DEL-BOM,2025-01-23,54,Air Traffic,215582,January,5400
FL100389,Air India,BLR-PNQ,2025-01-24,105,Air Traffic,313450,January,10500
FL100390,IndiGo,BOM-BLR,2025-01-25,157,Weather,53849,January,15700
FL100391,Akasa Air,MAA-DEL,2025-01-26,120,Weather,62360,January,12000
FL100392,Akasa Air,CCU-BOM,2025-01-27,54,Weather,423216,January,5400
FL100393,IndiGo,BOM-BLR,2025-01-28,143,Crew,303279,January,14300
FL100394,Akasa Air,BLR-PNQ,2025-01-29,11,Air Traffic,144767,January,1100
FL100395,Akasa Air,CCU-BOM,2025-01-30,144,Security,311445,January,14400
FL100396,Akasa Air,BLR-PNQ,2025-01-31,143,Technical,226872,January,14300
FL100397,Vistara,MAA-DEL,2025-02-01,139,Crew,480179,February,13900
FL100398,SpiceJet,BLR-PNQ,2025-02-02,135,Security,104330,February,13500
FL100399,Air India,DEL-BOM,2025-02-03,2,Air Traffic,101707,February,200
FL100400,Vistara,DEL-BLR,2025-02-04,143,Weather,330833,February,14300
FL100401,Akasa Air,BOM-BLR,2025-02-05,29,Air Traffic,79084,February,2900
FL100402,IndiGo,DEL-BLR,2025-02-06,22,Technical,90387,February,2200
FL100403,Akasa Air,BLR-PNQ,2025-02-07,91,Crew,386960,February,9100
FL100404,SpiceJet,MAA-DEL,2025-02-08,114,Crew,52642,February,11400
FL100405,Akasa Air,BOM-BLR,2025-02-09,103,Technical,354281,February,10300
FL100406,IndiGo,BLR-PNQ,2025-02-10,117,Security,236633,February,11700
FL100407,SpiceJet,CCU-BOM,2025-02-11,4,Security,374404,February,400
FL100408,Akasa Air,HYD-BOM,2025-02-12,103,Crew,196510,February,10300
FL100409,SpiceJet,BLR-PNQ,2025-02-13,107,Crew,360586,February,10700
FL100410,Air India,DEL-BLR,2025-02-14,64,Weather,415205,February,6400
FL100411,Air India,BOM-BLR,2025-02-15,120,Security,446210,February,12000
FL100412,Akasa Air,DEL-BLR,2025-02-16,29,Technical,304511,February,2900
FL100413,SpiceJet,BOM-BLR,2025-02-17,148,Security,437988,February,14800
FL100414,IndiGo,BLR-PNQ,2025-02-18,83,Weather,411719,February,8300
FL100415,Akasa Air,DEL-BOM,2025-02-19,149,Crew,313957,February,14900
FL100416,Air India,CCU-BOM,2025-02-20,31,Crew,405171,February,3100
FL100417,Air India,BLR-PNQ,2025-02-21,160,Weather,435633,February,16000
FL100418,Akasa Air,DEL-BLR,2025-02-22,15,Technical,134381,February,1500
FL100419,SpiceJet,HYD-BOM,2025-02-23,37,Crew,299880,February,3700
FL100420,Air India,HYD-BOM,2025-02-24,141,Air Traffic,367420,February,14100
FL100421,SpiceJet,MAA-DEL,2025-02-25,35,Crew,353387,February,3500
FL100422,Air India,BOM-BLR,2025-02-26,150,Air Traffic,243984,February,15000
FL100423,Air India,DEL-BLR,2025-02-27,113,Weather,110272,February,11300
FL100424,Vistara,MAA-DEL,2025-02-28,65,Weather,223123,February,6500
FL100425,Air India,DEL-BLR,2025-03-01,104,Crew,263808,March,10400
FL100426,IndiGo,BOM-BLR,2025-03-02,84,Security,303091,March,8400
FL100427,Akasa Air,BLR-PNQ,2025-03-03,1,Air Traffic,377762,March,100
FL100428,Akasa Air,BLR-PNQ,2025-03-04,74,Technical,314064,March,7400
FL100429,SpiceJet,HYD-BOM,2025-03-05,66,Crew,156121,March,6600
FL100430,Air India,BLR-PNQ,2025-03-06,179,Technical,126872,March,17900
FL100431,IndiGo,BLR-PNQ,2025-03-07,150,Crew,393276,March,15000
FL100432,SpiceJet,DEL-BOM,2025-03-08,153,Security,314237,March,15300
FL100433,Vistara,HYD-BOM,2025-03-09,54,Security,325049,March,5400
FL100434,SpiceJet,MAA-DEL,2025-03-10,5,Security,171759,March,500
FL100435,SpiceJet,CCU-BOM,2025-03-11,162,Security,467567,March,16200
FL100436,Air India,DEL-BOM,2025-03-12,149,Weather,343125,March,14900
FL100437,Vistara,MAA-DEL,2025-03-13,170,Weather,386047,March,17000
FL100438,SpiceJet,BOM-BLR,2025-03-14,142,Air Traffic,382965,March,14200
FL100439,IndiGo,DEL-BOM,2025-03-15,85,Technical,421344,March,8500
FL100440,IndiGo,MAA-DEL,2025-03-16,59,Crew,132289,March,5900
FL100441,Akasa Air,BOM-BLR,2025-03-17,100,Crew,166506,March,10000
FL100442,Vistara,HYD-BOM,2025-03-18,11,Weather,128513,March,1100
FL100443,Vistara,CCU-BOM,2025-03-19,48,Crew,463090,March,4800
FL100444,Akasa Air,BOM-BLR,2025-03-20,41,Weather,232003,March,4100
FL100445,SpiceJet,BLR-PNQ,2025-03-21,165,Air Traffic,450890,March,16500
FL100446,Vistara,DEL-BLR,2025-03-22,81,Technical,362660,March,8100
FL100447,IndiGo,BOM-BLR,2025-03-23,172,Air Traffic,309480,March,17200
FL100448,IndiGo,BOM-BLR,2025-03-24,34,Security,312043,March,3400
FL100449,Air India,CCU-BOM,2025-03-25,157,Security,241758,March,15700
FL100450,Vistara,DEL-BLR,2025-03-26,157,Security,381356,March,15700
FL100451,SpiceJet,BLR-PNQ,2025-03-27,133,Air Traffic,183498,March,13300
FL100452,Akasa Air,MAA-DEL,2025-03-28,66,Crew,304024,March,6600
FL100453,Akasa Air,MAA-DEL,2025-03-29,79,Technical,180970,March,7900
FL100454,SpiceJet,BOM-BLR,2025-03-30,6,Security,140009,March,600
FL100455,Air India,DEL-BLR,2025-03-31,179,Security,249570,March,17900
FL100456,Akasa Air,DEL-BLR,2025-04-01,13,Security,473159,April,1300
FL100457,Vistara,BLR-PNQ,2025-04-02,72,Technical,247467,April,7200
FL100458,Air India,CCU-BOM,2025-04-03,142,Security,94816,April,14200
FL100459,Vistara,HYD-BOM,2025-04-04,148,Technical,54138,April,14800
FL100460,IndiGo,MAA-DEL,2025-04-05,162,Security,141176,April,16200
FL100461,Air India,CCU-BOM,2025-04-06,65,Air Traffic,388089,April,6500
FL100462,Akasa Air,DEL-BOM,2025-04-07,90,Air Traffic,316161,April,9000
FL100463,Air India,MAA-DEL,2025-04-08,129,Technical,322595,April,12900
FL100464,Air India,CCU-BOM,2025-04-09,162,Air Traffic,244028,April,16200
FL100465,Air India,MAA-DEL,2025-04-10,19,Technical,406007,April,1900
FL100466,Air India,HYD-BOM,2025-04-11,9,Air Traffic,322422,April,900
FL100467,Vistara,DEL-BOM,2025-04-12,24,Air Traffic,271552,April,2400
FL100468,IndiGo,HYD-BOM,2025-04-13,24,Technical,93764,April,2400
FL100469,SpiceJet,BLR-PNQ,2025-04-14,53,Crew,173030,April,5300
FL100470,Air India,DEL-BOM,2025-04-15,32,Air Traffic,444350,April,3200
FL100471,Akasa Air,BOM-BLR,2025-04-16,163,Security,375087,April,16300
FL100472,Air India,CCU-BOM,2025-04-17,94,Crew,145667,April,9400
FL100473,Akasa Air,DEL-BOM,2025-04-18,13,Technical,366462,April,1300
FL100474,Vistara,BLR-PNQ,2025-04-19,64,Crew,415567,April,6400
FL100475,Akasa Air,BLR-PNQ,2025-04-20,109,Weather,416142,April,10900
FL100476,SpiceJet,HYD-BOM,2025-04-21,79,Weather,110128,April,7900
FL100477,IndiGo,MAA-DEL,2025-04-22,53,Air Traffic,269128,April,5300
FL100478,Akasa Air,DEL-BOM,2025-04-23,124,Air Traffic,334013,April,12400
FL100479,Akasa Air,CCU-BOM,2025-04-24,179,Security,283540,April,17900
FL100480,IndiGo,DEL-BOM,2025-04-25,130,Crew,55039,April,13000
FL100481,SpiceJet,DEL-BLR,2025-04-26,168,Weather,202353,April,16800
FL100482,Air India,MAA-DEL,2025-04-27,133,Air Traffic,162935,April,13300
FL100483,Akasa Air,CCU-BOM,2025-04-28,24,Crew,60442,April,2400
FL100484,IndiGo,CCU-BOM,2025-04-29,140,Air Traffic,385932,April,14000
FL100485,Vistara,BOM-BLR,2025-04-30,116,Air Traffic,431873,April,11600
FL100486,IndiGo,HYD-BOM,2025-05-01,135,Weather,339730,May,13500
FL100487,Vistara,BOM-BLR,2025-05-02,148,Weather,103053,May,14800
FL100488,SpiceJet,CCU-BOM,2025-05-03,24,Air Traffic,231561,May,2400
FL100489,Air India,MAA-DEL,2025-05-04,78,Technical,264176,May,7800
FL100490,IndiGo,DEL-BOM,2025-05-05,67,Air Traffic,136346,May,6700
FL100491,Akasa Air,DEL-BOM,2025-05-06,172,Air Traffic,379231,May,17200
FL100492,SpiceJet,MAA-DEL,2025-05-07,11,Security,455841,May,1100
FL100493,IndiGo,CCU-BOM,2025-05-08,31,Security,84397,May,3100
FL100494,Akasa Air,BLR-PNQ,2025-05-09,127,Security,370815,May,12700
FL100495,IndiGo,DEL-BOM,2025-05-10,95,Technical,166214,May,9500
FL100496,Vistara,BLR-PNQ,2025-05-11,91,Technical,379041,May,9100
FL100497,IndiGo,DEL-BOM,2025-05-12,140,Air Traffic,207221,May,14000
FL100498,IndiGo,DEL-BOM,2025-05-13,30,Security,448499,May,3000
FL100499,IndiGo,HYD-BOM,2025-05-14,77,Technical,450826,May,7700
FL100500,SpiceJet,HYD-BOM,2025-05-15,19,Weather,486542,May,1900
FL100501,IndiGo,DEL-BLR,2025-05-16,145,Air Traffic,327068,May,14500
FL100502,Akasa Air,BOM-BLR,2025-05-17,59,Crew,163143,May,5900
FL100503,Vistara,MAA-DEL,2025-05-18,133,Air Traffic,422397,May,13300
FL100504,Vistara,MAA-DEL,2025-05-19,159,Crew,412441,May,15900
FL100505,IndiGo,MAA-DEL,2025-05-20,92,Security,313013,May,9200
FL100506,SpiceJet,DEL-BLR,2025-05-21,42,Crew,409232,May,4200
FL100507,SpiceJet,HYD-BOM,2025-05-22,129,Security,313158,May,12900
FL100508,Akasa Air,CCU-BOM,2025-05-23,59,Weather,60103,May,5900
FL100509,IndiGo,BLR-PNQ,2025-05-24,150,Crew,422461,May,15000
FL100510,Vistara,BLR-PNQ,2025-05-25,30,Air Traffic,476674,May,3000
FL100511,SpiceJet,CCU-BOM,2025-05-26,4,Security,132409,May,400
FL100512,IndiGo,DEL-BLR,2025-05-27,161,Air Traffic,73248,May,16100
FL100513,SpiceJet,CCU-BOM,2025-05-28,9,Technical,224588,May,900
FL100514,SpiceJet,MAA-DEL,2025-05-29,88,Security,472277,May,8800
FL100515,Vistara,BOM-BLR,2025-05-30,129,Crew,205242,May,12900
FL100516,Air India,DEL-BOM,2025-05-31,125,Security,58024,May,12500
FL100517,Akasa Air,BLR-PNQ,2025-06-01,10,Air Traffic,284864,June,1000
FL100518,Akasa Air,HYD-BOM,2025-06-02,177,Weather,398091,June,17700
FL100519,Vistara,HYD-BOM,2025-06-03,158,Security,224875,June,15800
FL100520,SpiceJet,DEL-BLR,2025-06-04,55,Crew,462512,June,5500
FL100521,IndiGo,HYD-BOM,2025-06-05,82,Technical,403973,June,8200
FL100522,SpiceJet,MAA-DEL,2025-06-06,136,Weather,404852,June,13600
FL100523,Vistara,BLR-PNQ,2025-06-07,98,Technical,398808,June,9800
FL100524,Akasa Air,CCU-BOM,2025-06-08,148,Security,461473,June,14800
FL100525,SpiceJet,MAA-DEL,2025-06-09,72,Air Traffic,193927,June,7200
FL100526,Akasa Air,DEL-BLR,2025-06-10,155,Air Traffic,135178,June,15500
FL100527,IndiGo,MAA-DEL,2025-06-11,114,Crew,413265,June,11400
FL100528,Akasa Air,CCU-BOM,2025-06-12,6,Air Traffic,332169,June,600
FL100529,Akasa Air,BOM-BLR,2025-06-13,79,Weather,447674,June,7900
FL100530,Air India,DEL-BLR,2025-06-14,143,Air Traffic,113610,June,14300
FL100531,Air India,BOM-BLR,2025-06-15,96,Crew,120843,June,9600
FL100532,Air India,DEL-BOM,2025-06-16,3,Security,157237,June,300
FL100533,Akasa Air,BOM-BLR,2025-06-17,3,Security,230903,June,300
FL100534,Vistara,DEL-BOM,2025-06-18,102,Air Traffic,224499,June,10200
FL100535,Akasa Air,DEL-BOM,2025-06-19,39,Technical,180299,June,3900
FL100536,Vistara,BOM-BLR,2025-06-20,16,Security,481722,June,1600
FL100537,Vistara,DEL-BLR,2025-06-21,100,Air Traffic,55668,June,10000
FL100538,Air India,CCU-BOM,2025-06-22,102,Crew,272542,June,10200
FL100539,SpiceJet,MAA-DEL,2025-06-23,123,Air Traffic,228267,June,12300
FL100540,IndiGo,MAA-DEL,2025-06-24,51,Security,385377,June,5100
FL100541,Air India,CCU-BOM,2025-06-25,51,Crew,205489,June,5100
FL100542,Air India,BLR-PNQ,2025-06-26,163,Air Traffic,394126,June,16300
FL100543,SpiceJet,BLR-PNQ,2025-06-27,123,Weather,156133,June,12300
FL100544,IndiGo,DEL-BOM,2025-06-28,165,Crew,322895,June,16500
FL100545,Akasa Air,DEL-BOM,2025-06-29,177,Weather,358362,June,17700
FL100546,Akasa Air,DEL-BLR,2025-06-30,62,Technical,438793,June,6200
FL100547,Air India,HYD-BOM,2025-07-01,115,Crew,319496,July,11500
FL100548,IndiGo,BOM-BLR,2025-07-02,61,Weather,260124,July,6100
FL100549,Air India,DEL-BOM,2025-07-03,6,Security,138835,July,600
FL100550,Vistara,MAA-DEL,2025-07-04,154,Security,147493,July,15400
FL100551,Air India,DEL-BLR,2025-07-05,91,Technical,341071,July,9100
FL100552,Air India,BOM-BLR,2025-07-06,13,Crew,222166,July,1300
FL100553,Akasa Air,DEL-BLR,2025-07-07,85,Crew,151948,July,8500
FL100554,Akasa Air,BOM-BLR,2025-07-08,132,Crew,235194,July,13200
FL100555,Akasa Air,BOM-BLR,2025-07-09,129,Technical,79493,July,12900
FL100556,Vistara,CCU-BOM,2025-07-10,61,Crew,343851,July,6100
FL100557,Akasa Air,DEL-BOM,2025-07-11,148,Security,249886,July,14800
FL100558,IndiGo,DEL-BLR,2025-07-12,78,Weather,188368,July,7800
FL100559,SpiceJet,DEL-BLR,2025-07-13,148,Security,206470,July,14800
FL100560,IndiGo,CCU-BOM,2025-07-14,137,Security,347986,July,13700
FL100561,IndiGo,MAA-DEL,2025-07-15,57,Weather,63261,July,5700
FL100562,Akasa Air,MAA-DEL,2025-07-16,119,Security,126709,July,11900
FL100563,SpiceJet,BLR-PNQ,2025-07-17,166,Technical,145985,July,16600
FL100564,SpiceJet,DEL-BOM,2025-07-18,132,Weather,418760,July,13200
FL100565,SpiceJet,DEL-BOM,2025-07-19,64,Security,499920,July,6400
FL100566,Vistara,HYD-BOM,2025-07-20,12,Air Traffic,379317,July,1200
FL100567,Akasa Air,CCU-BOM,2025-07-21,180,Security,343925,July,18000
FL100568,SpiceJet,MAA-DEL,2025-07-22,81,Technical,325796,July,8100
FL100569,Vistara,BOM-BLR,2025-07-23,172,Crew,317247,July,17200
FL100570,Air India,DEL-BLR,2025-07-24,159,Security,337644,July,15900
FL100571,Air India,DEL-BOM,2025-07-25,163,Crew,296404,July,16300
FL100572,Vistara,DEL-BLR,2025-07-26,138,Air Traffic,150336,July,13800
FL100573,Vistara,DEL-BLR,2025-07-27,148,Security,478745,July,14800
FL100574,Akasa Air,HYD-BOM,2025-07-28,51,Weather,163499,July,5100
FL100575,Akasa Air,MAA-DEL,2025-07-29,116,Crew,199524,July,11600
FL100576,Air India,DEL-BOM,2025-07-30,25,Air Traffic,361537,July,2500
FL100577,SpiceJet,DEL-BLR,2025-07-31,33,Weather,474390,July,3300
FL100578,Air India,DEL-BOM,2025-08-01,51,Weather,216508,August,5100
FL100579,SpiceJet,BOM-BLR,2025-08-02,111,Weather,359550,August,11100
FL100580,SpiceJet,HYD-BOM,2025-08-03,81,Weather,375203,August,8100
FL100581,Akasa Air,BOM-BLR,2025-08-04,179,Security,197026,August,17900
FL100582,IndiGo,DEL-BOM,2025-08-05,156,Security,394866,August,15600
FL100583,IndiGo,BLR-PNQ,2025-08-06,165,Security,300819,August,16500
FL100584,Vistara,DEL-BOM,2025-08-07,41,Air Traffic,62356,August,4100
FL100585,Akasa Air,MAA-DEL,2025-08-08,20,Air Traffic,178128,August,2000
FL100586,SpiceJet,DEL-BLR,2025-08-09,41,Air Traffic,52187,August,4100
FL100587,IndiGo,DEL-BLR,2025-08-10,140,Technical,389387,August,14000
FL100588,SpiceJet,BOM-BLR,2025-08-11,112,Air Traffic,347242,August,11200
FL100589,IndiGo,HYD-BOM,2025-08-12,104,Security,202297,August,10400
FL100590,IndiGo,BLR-PNQ,2025-08-13,16,Security,184678,August,1600
FL100591,IndiGo,CCU-BOM,2025-08-14,119,Technical,369764,August,11900
FL100592,Akasa Air,DEL-BLR,2025-08-15,136,Technical,476044,August,13600
FL100593,Air India,MAA-DEL,2025-08-16,168,Air Traffic,176270,August,16800
FL100594,SpiceJet,BOM-BLR,2025-08-17,128,Crew,469705,August,12800
FL100595,Akasa Air,BOM-BLR,2025-08-18,129,Technical,326531,August,12900
FL100596,Akasa Air,CCU-BOM,2025-08-19,59,Weather,381607,August,5900
FL100597,Akasa Air,MAA-DEL,2025-08-20,47,Security,292998,August,4700
FL100598,Akasa Air,HYD-BOM,2025-08-21,28,Weather,445807,August,2800
FL100599,Akasa Air,MAA-DEL,2025-08-22,96,Security,291503,August,9600
FL100600,Vistara,HYD-BOM,2025-08-23,9,Security,491732,August,900
FL100601,SpiceJet,MAA-DEL,2025-08-24,57,Technical,403827,August,5700
FL100602,Akasa Air,MAA-DEL,2025-08-25,20,Technical,112061,August,2000
FL100603,SpiceJet,DEL-BOM,2025-08-26,27,Weather,285497,August,2700
FL100604,Vistara,BOM-BLR,2025-08-27,33,Security,131257,August,3300
FL100605,Vistara,MAA-DEL,2025-08-28,7,Weather,111753,August,700
FL100606,SpiceJet,CCU-BOM,2025-08-29,176,Crew,396918,August,17600
FL100607,IndiGo,MAA-DEL,2025-08-30,78,Weather,454303,August,7800
FL100608,Air India,DEL-BLR,2025-08-31,144,Air Traffic,474032,August,14400
FL100609,IndiGo,BOM-BLR,2025-09-01,86,Weather,73408,September,8600
FL100610,IndiGo,DEL-BLR,2025-09-02,87,Air Traffic,174116,September,8700
FL100611,IndiGo,BOM-BLR,2025-09-03,172,Air Traffic,181208,September,17200
FL100612,Akasa Air,DEL-BLR,2025-09-04,68,Air Traffic,67413,September,6800
FL100613,Vistara,MAA-DEL,2025-09-05,159,Crew,163650,September,15900
FL100614,IndiGo,MAA-DEL,2025-09-06,171,Weather,109500,September,17100
FL100615,Vistara,DEL-BOM,2025-09-07,86,Weather,396658,September,8600
FL100616,SpiceJet,CCU-BOM,2025-09-08,100,Crew,106358,September,10000
FL100617,Air India,DEL-BLR,2025-09-09,7,Security,116197,September,700
FL100618,SpiceJet,HYD-BOM,2025-09-10,76,Technical,273861,September,7600
FL100619,SpiceJet,DEL-BOM,2025-09-11,86,Weather,273492,September,8600
FL100620,Akasa Air,DEL-BLR,2025-09-12,42,Technical,311545,September,4200
FL100621,Air India,DEL-BLR,2025-09-13,128,Crew,476070,September,12800
FL100622,SpiceJet,DEL-BOM,2025-09-14,108,Security,126240,September,10800
FL100623,SpiceJet,MAA-DEL,2025-09-15,178,Security,285595,September,17800
FL100624,Air India,DEL-BLR,2025-09-16,151,Security,271135,September,15100
FL100625,Air India,MAA-DEL,2025-09-17,151,Crew,328466,September,15100
FL100626,SpiceJet,DEL-BOM,2025-09-18,16,Air Traffic,425197,September,1600
FL100627,Air India,MAA-DEL,2025-09-19,132,Air Traffic,56968,September,13200
FL100628,SpiceJet,BOM-BLR,2025-09-20,147,Technical,339662,September,14700
FL100629,SpiceJet,HYD-BOM,2025-09-21,20,Air Traffic,364069,September,2000
FL100630,Akasa Air,BLR-PNQ,2025-09-22,57,Air Traffic,240920,September,5700
FL100631,IndiGo,DEL-BLR,2025-09-23,158,Security,424044,September,15800
FL100632,SpiceJet,CCU-BOM,2025-09-24,109,Security,405566,September,10900
FL100633,Vistara,HYD-BOM,2025-09-25,138,Technical,313844,September,13800
FL100634,IndiGo,BLR-PNQ,2025-09-26,179,Weather,405926,September,17900
FL100635,IndiGo,MAA-DEL,2025-09-27,142,Technical,282076,September,14200
FL100636,IndiGo,DEL-BLR,2025-09-28,134,Technical,73199,September,13400
FL100637,Akasa Air,MAA-DEL,2025-09-29,27,Crew,487805,September,2700
FL100638,SpiceJet,BOM-BLR,2025-09-30,50,Crew,213187,September,5000
FL100639,Akasa Air,DEL-BOM,2025-10-01,4,Technical,235388,October,400
FL100640,SpiceJet,DEL-BLR,2025-10-02,4,Technical,55520,October,400
FL100641,Akasa Air,BLR-PNQ,2025-10-03,93,Technical,159814,October,9300
FL100642,Akasa Air,BLR-PNQ,2025-10-04,95,Air Traffic,217527,October,9500
FL100643,Vistara,BOM-BLR,2025-10-05,7,Crew,296356,October,700
FL100644,Akasa Air,BOM-BLR,2025-10-06,63,Technical,173364,October,6300
FL100645,Air India,DEL-BLR,2025-10-07,137,Security,484821,October,13700
FL100646,Vistara,MAA-DEL,2025-10-08,37,Security,64955,October,3700
FL100647,Akasa Air,CCU-BOM,2025-10-09,110,Air Traffic,225121,October,11000
FL100648,IndiGo,BLR-PNQ,2025-10-10,111,Air Traffic,194989,October,11100
FL100649,Air India,BLR-PNQ,2025-10-11,80,Weather,300144,October,8000
FL100650,Air India,BOM-BLR,2025-10-12,135,Weather,114925,October,13500
FL100651,Air India,HYD-BOM,2025-10-13,103,Weather,419360,October,10300
FL100652,Vistara,BOM-BLR,2025-10-14,152,Air Traffic,120269,October,15200
FL100653,Akasa Air,CCU-BOM,2025-10-15,72,Air Traffic,474170,October,7200
FL100654,Akasa Air,MAA-DEL,2025-10-16,177,Air Traffic,353602,October,17700
FL100655,IndiGo,MAA-DEL,2025-10-17,48,Security,401181,October,4800
FL100656,IndiGo,HYD-BOM,2025-10-18,35,Air Traffic,202185,October,3500
FL100657,Air India,BLR-PNQ,2025-10-19,125,Security,149977,October,12500
FL100658,IndiGo,BOM-BLR,2025-10-20,67,Weather,356083,October,6700
FL100659,Vistara,MAA-DEL,2025-10-21,77,Weather,79345,October,7700
FL100660,Akasa Air,CCU-BOM,2025-10-22,104,Weather,305688,October,10400
FL100661,Air India,DEL-BLR,2025-10-23,168,Technical,489529,October,16800
FL100662,IndiGo,DEL-BOM,2025-10-24,121,Technical,422251,October,12100
FL100663,Vistara,DEL-BOM,2025-10-25,118,Crew,434010,October,11800
FL100664,Vistara,DEL-BOM,2025-10-26,113,Crew,311798,October,11300
FL100665,IndiGo,BLR-PNQ,2025-10-27,9,Crew,381310,October,900
FL100666,Akasa Air,BOM-BLR,2025-10-28,148,Technical,228933,October,14800
FL100667,IndiGo,HYD-BOM,2025-10-29,163,Technical,147406,October,16300
FL100668,Air India,MAA-DEL,2025-10-30,139,Crew,361442,October,13900
FL100669,IndiGo,DEL-BLR,2025-10-31,90,Crew,490437,October,9000
FL100670,Vistara,CCU-BOM,2025-11-01,1,Air Traffic,357086,November,100
FL100671,IndiGo,DEL-BLR,2025-11-02,117,Crew,53453,November,11700
FL100672,Akasa Air,CCU-BOM,2025-11-03,12,Air Traffic,152811,November,1200
FL100673,SpiceJet,BLR-PNQ,2025-11-04,180,Security,104935,November,18000
FL100674,IndiGo,BOM-BLR,2025-11-05,159,Technical,434583,November,15900
FL100675,Akasa Air,DEL-BOM,2025-11-06,94,Crew,224442,November,9400
FL100676,Akasa Air,BOM-BLR,2025-11-07,143,Technical,320472,November,14300
FL100677,Vistara,BLR-PNQ,2025-11-08,31,Technical,65534,November,3100
FL100678,Akasa Air,HYD-BOM,2025-11-09,31,Technical,397424,November,3100
FL100679,Akasa Air,HYD-BOM,2025-11-10,123,Security,86320,November,12300
FL100680,Akasa Air,BLR-PNQ,2025-11-11,10,Weather,99170,November,1000
FL100681,Akasa Air,CCU-BOM,2025-11-12,9,Crew,150546,November,900
FL100682,Air India,MAA-DEL,2025-11-13,14,Weather,130201,November,1400
FL100683,Air India,MAA-DEL,2025-11-14,16,Weather,284473,November,1600
FL100684,Vistara,CCU-BOM,2025-11-15,167,Weather,320784,November,16700
FL100685,IndiGo,HYD-BOM,2025-11-16,145,Technical,281324,November,14500
FL100686,Akasa Air,HYD-BOM,2025-11-17,152,Air Traffic,211121,November,15200
FL100687,IndiGo,HYD-BOM,2025-11-18,58,Technical,448834,November,5800
FL100688,IndiGo,BOM-BLR,2025-11-19,77,Technical,283612,November,7700
FL100689,Vistara,HYD-BOM,2025-11-20,123,Weather,237125,November,12300
FL100690,Akasa Air,DEL-BLR,2025-11-21,113,Technical,445136,November,11300
FL100691,Akasa Air,DEL-BOM,2025-11-22,21,Weather,356081,November,2100
FL100692,SpiceJet,HYD-BOM,2025-11-23,157,Air Traffic,250796,November,15700
FL100693,IndiGo,CCU-BOM,2025-11-24,171,Crew,193279,November,17100
FL100694,IndiGo,DEL-BOM,2025-11-25,31,Weather,246846,November,3100
FL100695,Air India,BOM-BLR,2025-11-26,178,Air Traffic,214044,November,17800
FL100696,SpiceJet,CCU-BOM,2025-11-27,173,Crew,454015,November,17300
FL100697,Air India,DEL-BOM,2025-11-28,112,Security,252160,November,11200
FL100698,Air India,CCU-BOM,2025-11-29,119,Weather,472132,November,11900
FL100699,Air India,BOM-BLR,2025-11-30,148,Weather,120463,November,14800
FL100700,Vistara,DEL-BLR,2025-12-01,121,Security,143500,December,12100
FL100701,Vistara,BOM-BLR,2025-12-02,31,Security,257772,December,3100
FL100702,Air India,BOM-BLR,2025-12-03,118,Weather,87158,December,11800
FL100703,SpiceJet,CCU-BOM,2025-12-04,38,Security,134607,December,3800
FL100704,IndiGo,BLR-PNQ,2025-12-05,11,Technical,431783,December,1100
FL100705,SpiceJet,MAA-DEL,2025-12-06,174,Crew,295017,December,17400
FL100706,Akasa Air,HYD-BOM,2025-12-07,17,Crew,383840,December,1700
FL100707,Vistara,HYD-BOM,2025-12-08,148,Crew,373654,December,14800
FL100708,IndiGo,DEL-BLR,2025-12-09,140,Technical,170076,December,14000
FL100709,IndiGo,DEL-BLR,2025-12-10,148,Security,108692,December,14800
FL100710,Akasa Air,HYD-BOM,2025-12-11,125,Air Traffic,180841,December,12500
FL100711,Akasa Air,MAA-DEL,2025-12-12,135,Security,242816,December,13500
FL100712,Air India,HYD-BOM,2025-12-13,45,Weather,327954,December,4500
FL100713,Vistara,BLR-PNQ,2025-12-14,103,Crew,448342,December,10300
FL100714,Vistara,MAA-DEL,2025-12-15,134,Security,211081,December,13400
FL100715,SpiceJet,DEL-BLR,2025-12-16,150,Air Traffic,161718,December,15000
FL100716,Air India,DEL-BOM,2025-12-17,85,Weather,403076,December,8500
FL100717,Air India,CCU-BOM,2025-12-18,149,Technical,50192,December,14900
FL100718,Air India,BLR-PNQ,2025-12-19,88,Technical,297536,December,8800
FL100719,Air India,BLR-PNQ,2025-12-20,21,Air Traffic,86413,December,2100
FL100720,Vistara,DEL-BLR,2025-12-21,91,Weather,193888,December,9100
FL100721,Vistara,DEL-BLR,2025-12-22,28,Crew,89082,December,2800
FL100722,Air India,BOM-BLR,2025-12-23,12,Security,377192,December,1200
FL100723,SpiceJet,BLR-PNQ,2025-12-24,1,Weather,173130,December,100
FL100724,IndiGo,BOM-BLR,2025-12-25,28,Technical,100940,December,2800
FL100725,IndiGo,BOM-BLR,2025-12-26,179,Air Traffic,213202,December,17900
FL100726,SpiceJet,CCU-BOM,2025-12-27,26,Air Traffic,90142,December,2600
FL100727,Air India,BOM-BLR,2025-12-28,49,Security,86468,December,4900
FL100728,Vistara,MAA-DEL,2025-12-29,94,Air Traffic,473914,December,9400
FL100729,IndiGo,HYD-BOM,2025-12-30,150,Air Traffic,191727,December,15000
FL100730,Akasa Air,DEL-BOM,2025-12-31,87,Weather,228969,December,8700
FL100731,Akasa Air,DEL-BLR,2026-01-01,43,Crew,473291,January,4300
FL100732,SpiceJet,MAA-DEL,2026-01-02,21,Security,452575,January,2100
FL100733,Air India,DEL-BOM,2026-01-03,170,Weather,441192,January,17000
FL100734,IndiGo,BLR-PNQ,2026-01-04,164,Crew,286187,January,16400
FL100735,Air India,BLR-PNQ,2026-01-05,96,Weather,92056,January,9600
FL100736,IndiGo,BLR-PNQ,2026-01-06,2,Weather,101831,January,200
FL100737,SpiceJet,MAA-DEL,2026-01-07,117,Air Traffic,371335,January,11700
FL100738,SpiceJet,MAA-DEL,2026-01-08,18,Crew,299664,January,1800
FL100739,Akasa Air,DEL-BLR,2026-01-09,22,Security,434092,January,2200
FL100740,Air India,HYD-BOM,2026-01-10,156,Security,476488,January,15600
FL100741,Akasa Air,BOM-BLR,2026-01-11,29,Crew,158117,January,2900
FL100742,Air India,BLR-PNQ,2026-01-12,38,Air Traffic,326815,January,3800
FL100743,Akasa Air,CCU-BOM,2026-01-13,107,Technical,339192,January,10700
FL100744,Vistara,HYD-BOM,2026-01-14,110,Weather,338107,January,11000
FL100745,Vistara,CCU-BOM,2026-01-15,24,Air Traffic,93954,January,2400
FL100746,Vistara,DEL-BLR,2026-01-16,127,Crew,283192,January,12700
FL100747,Vistara,DEL-BLR,2026-01-17,110,Weather,407574,January,11000
FL100748,IndiGo,DEL-BLR,2026-01-18,135,Security,50717,January,13500
FL100749,Vistara,DEL-BOM,2026-01-19,105,Technical,323820,January,10500
FL100750,SpiceJet,CCU-BOM,2026-01-20,143,Security,447650,January,14300
FL100751,SpiceJet,HYD-BOM,2026-01-21,71,Crew,230882,January,7100
FL100752,IndiGo,HYD-BOM,2026-01-22,128,Weather,168696,January,12800
FL100753,Vistara,MAA-DEL,2026-01-23,107,Crew,442974,January,10700
FL100754,Vistara,MAA-DEL,2026-01-24,4,Weather,54994,January,400
FL100755,Vistara,BLR-PNQ,2026-01-25,2,Air Traffic,316378,January,200
FL100756,Akasa Air,MAA-DEL,2026-01-26,131,Technical,119300,January,13100
FL100757,Air India,DEL-BLR,2026-01-27,103,Air Traffic,356093,January,10300
FL100758,Akasa Air,HYD-BOM,2026-01-28,63,Air Traffic,87405,January,6300
FL100759,Air India,CCU-BOM,2026-01-29,105,Crew,347016,January,10500
FL100760,Vistara,DEL-BLR,2026-01-30,97,Technical,354359,January,9700
FL100761,Vistara,DEL-BOM,2026-01-31,9,Weather,73185,January,900
FL100762,Akasa Air,MAA-DEL,2026-02-01,148,Weather,224514,February,14800
FL100763,Akasa Air,DEL-BLR,2026-02-02,127,Security,494975,February,12700
FL100764,Air India,DEL-BLR,2026-02-03,45,Weather,353297,February,4500
FL100765,SpiceJet,DEL-BOM,2026-02-04,154,Crew,389679,February,15400
FL100766,Air India,BOM-BLR,2026-02-05,65,Air Traffic,183653,February,6500
FL100767,Akasa Air,HYD-BOM,2026-02-06,168,Air Traffic,101717,February,16800
FL100768,Akasa Air,CCU-BOM,2026-02-07,111,Air Traffic,52763,February,11100
FL100769,IndiGo,BLR-PNQ,2026-02-08,12,Technical,405054,February,1200
FL100770,Akasa Air,BOM-BLR,2026-02-09,136,Weather,105480,February,13600
FL100771,IndiGo,MAA-DEL,2026-02-10,163,Crew,219831,February,16300
FL100772,SpiceJet,DEL-BLR,2026-02-11,85,Technical,257139,February,8500
FL100773,Air India,DEL-BOM,2026-02-12,89,Security,168094,February,8900
FL100774,Air India,DEL-BOM,2026-02-13,57,Crew,206379,February,5700
FL100775,IndiGo,HYD-BOM,2026-02-14,53,Crew,277443,February,5300
FL100776,Air India,BOM-BLR,2026-02-15,11,Crew,61064,February,1100
FL100777,Akasa Air,BLR-PNQ,2026-02-16,13,Air Traffic,126848,February,1300
FL100778,Vistara,HYD-BOM,2026-02-17,120,Crew,87548,February,12000
FL100779,IndiGo,DEL-BLR,2026-02-18,161,Weather,218017,February,16100
FL100780,Air India,HYD-BOM,2026-02-19,180,Crew,491153,February,18000
FL100781,IndiGo,CCU-BOM,2026-02-20,120,Air Traffic,318620,February,12000
FL100782,IndiGo,DEL-BOM,2026-02-21,19,Crew,494972,February,1900
FL100783,Vistara,DEL-BOM,2026-02-22,74,Security,402245,February,7400
FL100784,Akasa Air,MAA-DEL,2026-02-23,143,Security,52382,February,14300
FL100785,IndiGo,MAA-DEL,2026-02-24,69,Air Traffic,492899,February,6900
FL100786,Air India,BLR-PNQ,2026-02-25,55,Weather,226348,February,5500
FL100787,SpiceJet,DEL-BLR,2026-02-26,100,Weather,476618,February,10000
FL100788,IndiGo,CCU-BOM,2026-02-27,131,Technical,470162,February,13100
FL100789,IndiGo,BOM-BLR,2026-02-28,110,Air Traffic,129698,February,11000
FL100790,Vistara,HYD-BOM,2026-03-01,124,Crew,295762,March,12400
FL100791,Akasa Air,BLR-PNQ,2026-03-02,131,Air Traffic,293381,March,13100
FL100792,SpiceJet,DEL-BLR,2026-03-03,19,Technical,465551,March,1900
FL100793,Air India,MAA-DEL,2026-03-04,137,Air Traffic,95095,March,13700
FL100794,SpiceJet,HYD-BOM,2026-03-05,23,Air Traffic,442118,March,2300
FL100795,Air India,MAA-DEL,2026-03-06,153,Technical,339341,March,15300
FL100796,Akasa Air,HYD-BOM,2026-03-07,36,Weather,439763,March,3600
FL100797,Air India,BOM-BLR,2026-03-08,53,Crew,72010,March,5300
FL100798,Vistara,DEL-BLR,2026-03-09,102,Technical,467339,March,10200
FL100799,Vistara,HYD-BOM,2026-03-10,148,Security,400067,March,14800
FL100800,Vistara,CCU-BOM,2026-03-11,37,Weather,183962,March,3700
FL100801,Vistara,BLR-PNQ,2026-03-12,173,Security,442670,March,17300
FL100802,SpiceJet,DEL-BOM,2026-03-13,3,Weather,159162,March,300
FL100803,Akasa Air,CCU-BOM,2026-03-14,56,Crew,433071,March,5600
FL100804,Air India,CCU-BOM,2026-03-15,172,Crew,320170,March,17200
FL100805,Air India,BLR-PNQ,2026-03-16,19,Air Traffic,377069,March,1900
FL100806,Vistara,DEL-BOM,2026-03-17,16,Security,118842,March,1600
FL100807,Vistara,CCU-BOM,2026-03-18,118,Weather,345809,March,11800
FL100808,IndiGo,HYD-BOM,2026-03-19,70,Crew,321421,March,7000
FL100809,Akasa Air,HYD-BOM,2026-03-20,3,Technical,223311,March,300
FL100810,SpiceJet,HYD-BOM,2026-03-21,13,Crew,490880,March,1300
FL100811,Air India,DEL-BOM,2026-03-22,2,Technical,360152,March,200
FL100812,IndiGo,CCU-BOM,2026-03-23,79,Weather,326827,March,7900
FL100813,IndiGo,DEL-BOM,2026-03-24,54,Crew,181742,March,5400
FL100814,Air India,HYD-BOM,2026-03-25,131,Crew,270283,March,13100
FL100815,SpiceJet,BLR-PNQ,2026-03-26,119,Weather,198961,March,11900
FL100816,IndiGo,CCU-BOM,2026-03-27,23,Crew,498828,March,2300
FL100817,IndiGo,CCU-BOM,2026-03-28,161,Technical,225607,March,16100
FL100818,Akasa Air,MAA-DEL,2026-03-29,157,Crew,390686,March,15700
FL100819,SpiceJet,MAA-DEL,2026-03-30,81,Security,366463,March,8100
FL100820,IndiGo,BOM-BLR,2026-03-31,146,Air Traffic,295144,March,14600
FL100821,SpiceJet,DEL-BLR,2026-04-01,158,Technical,404211,April,15800
FL100822,Air India,MAA-DEL,2026-04-02,59,Security,202711,April,5900
FL100823,Vistara,DEL-BOM,2026-04-03,146,Weather,245784,April,14600
FL100824,IndiGo,MAA-DEL,2026-04-04,48,Technical,459849,April,4800
FL100825,Akasa Air,BOM-BLR,2026-04-05,62,Air Traffic,302217,April,6200
FL100826,Air India,CCU-BOM,2026-04-06,109,Air Traffic,477876,April,10900
FL100827,SpiceJet,BOM-BLR,2026-04-07,149,Weather,381119,April,14900
FL100828,Air India,CCU-BOM,2026-04-08,151,Weather,213244,April,15100
FL100829,IndiGo,BLR-PNQ,2026-04-09,108,Technical,151158,April,10800
FL100830,SpiceJet,BLR-PNQ,2026-04-10,75,Crew,323721,April,7500
FL100831,Vistara,CCU-BOM,2026-04-11,29,Weather,389443,April,2900
FL100832,Air India,DEL-BLR,2026-04-12,57,Crew,332320,April,5700
FL100833,IndiGo,MAA-DEL,2026-04-13,116,Security,487602,April,11600
FL100834,Akasa Air,DEL-BOM,2026-04-14,158,Air Traffic,113972,April,15800
FL100835,SpiceJet,DEL-BOM,2026-04-15,99,Crew,432162,April,9900
FL100836,Air India,HYD-BOM,2026-04-16,18,Air Traffic,484219,April,1800
FL100837,Air India,CCU-BOM,2026-04-17,175,Crew,332140,April,17500
FL100838,Vistara,DEL-BOM,2026-04-18,172,Security,150922,April,17200
FL100839,Vistara,DEL-BLR,2026-04-19,93,Weather,398742,April,9300
FL100840,Akasa Air,CCU-BOM,2026-04-20,112,Security,85931,April,11200
FL100841,Akasa Air,DEL-BLR,2026-04-21,145,Weather,174168,April,14500
FL100842,IndiGo,DEL-BOM,2026-04-22,62,Weather,216782,April,6200
FL100843,IndiGo,DEL-BOM,2026-04-23,115,Air Traffic,173099,April,11500
FL100844,Akasa Air,HYD-BOM,2026-04-24,112,Security,84693,April,11200
FL100845,Akasa Air,DEL-BOM,2026-04-25,46,Crew,478956,April,4600
FL100846,SpiceJet,CCU-BOM,2026-04-26,56,Security,158944,April,5600
FL100847,Vistara,BLR-PNQ,2026-04-27,117,Air Traffic,274655,April,11700
FL100848,IndiGo,CCU-BOM,2026-04-28,44,Weather,257574,April,4400
FL100849,Vistara,CCU-BOM,2026-04-29,160,Air Traffic,329518,April,16000
FL100850,Vistara,HYD-BOM,2026-04-30,144,Technical,297572,April,14400
FL100851,Akasa Air,HYD-BOM,2026-05-01,3,Technical,393615,May,300
FL100852,SpiceJet,DEL-BOM,2026-05-02,147,Crew,95913,May,14700
FL100853,Air India,BOM-BLR,2026-05-03,46,Air Traffic,435827,May,4600
FL100854,SpiceJet,BOM-BLR,2026-05-04,142,Crew,247097,May,14200
FL100855,SpiceJet,HYD-BOM,2026-05-05,46,Crew,356660,May,4600
FL100856,Vistara,DEL-BOM,2026-05-06,77,Technical,137796,May,7700
FL100857,SpiceJet,BOM-BLR,2026-05-07,123,Crew,338213,May,12300
FL100858,IndiGo,DEL-BOM,2026-05-08,74,Technical,430477,May,7400
FL100859,Vistara,DEL-BOM,2026-05-09,102,Weather,499449,May,10200
FL100860,IndiGo,DEL-BOM,2026-05-10,136,Air Traffic,134811,May,13600
FL100861,Air India,MAA-DEL,2026-05-11,89,Crew,240121,May,8900
FL100862,Vistara,CCU-BOM,2026-05-12,143,Technical,282892,May,14300
FL100863,Air India,DEL-BOM,2026-05-13,68,Security,430172,May,6800
FL100864,Vistara,MAA-DEL,2026-05-14,60,Crew,89178,May,6000
FL100865,Akasa Air,HYD-BOM,2026-05-15,137,Weather,344965,May,13700
FL100866,SpiceJet,BOM-BLR,2026-05-16,49,Weather,494943,May,4900
FL100867,Akasa Air,CCU-BOM,2026-05-17,2,Security,66999,May,200
FL100868,Air India,BLR-PNQ,2026-05-18,106,Technical,350856,May,10600
FL100869,SpiceJet,BOM-BLR,2026-05-19,112,Crew,245623,May,11200
FL100870,Vistara,CCU-BOM,2026-05-20,93,Technical,221244,May,9300
FL100871,SpiceJet,BLR-PNQ,2026-05-21,117,Weather,345866,May,11700
FL100872,IndiGo,BOM-BLR,2026-05-22,80,Technical,322769,May,8000
FL100873,SpiceJet,CCU-BOM,2026-05-23,108,Weather,248237,May,10800
FL100874,IndiGo,BOM-BLR,2026-05-24,50,Technical,56859,May,5000
FL100875,SpiceJet,BOM-BLR,2026-05-25,146,Security,484825,May,14600
FL100876,IndiGo,BLR-PNQ,2026-05-26,169,Air Traffic,486523,May,16900
FL100877,Air India,BOM-BLR,2026-05-27,34,Security,160986,May,3400
FL100878,Akasa Air,BOM-BLR,2026-05-28,45,Security,282654,May,4500
FL100879,Vistara,BLR-PNQ,2026-05-29,153,Air Traffic,333983,May,15300
FL100880,SpiceJet,HYD-BOM,2026-05-30,68,Air Traffic,339360,May,6800
FL100881,Akasa Air,DEL-BOM,2026-05-31,92,Crew,365097,May,9200
FL100882,Vistara,DEL-BLR,2026-06-01,63,Crew,99522,June,6300
FL100883,Vistara,MAA-DEL,2026-06-02,164,Security,280233,June,16400
FL100884,IndiGo,DEL-BLR,2026-06-03,48,Security,448102,June,4800
FL100885,Air India,DEL-BLR,2026-06-04,148,Weather,423393,June,14800
FL100886,Air India,CCU-BOM,2026-06-05,73,Weather,57485,June,7300
FL100887,Akasa Air,DEL-BOM,2026-06-06,4,Crew,474671,June,400
FL100888,Air India,CCU-BOM,2026-06-07,99,Crew,293056,June,9900
FL100889,SpiceJet,DEL-BOM,2026-06-08,69,Weather,459983,June,6900
FL100890,Air India,BLR-PNQ,2026-06-09,89,Weather,162701,June,8900
FL100891,Akasa Air,BLR-PNQ,2026-06-10,3,Technical,471669,June,300
FL100892,Air India,DEL-BOM,2026-06-11,125,Technical,257352,June,12500
FL100893,SpiceJet,BOM-BLR,2026-06-12,38,Weather,152638,June,3800
FL100894,IndiGo,HYD-BOM,2026-06-13,162,Technical,234514,June,16200
FL100895,Akasa Air,BOM-BLR,2026-06-14,128,Air Traffic,495093,June,12800
FL100896,IndiGo,HYD-BOM,2026-06-15,23,Crew,324370,June,2300
FL100897,IndiGo,CCU-BOM,2026-06-16,56,Crew,143405,June,5600
FL100898,IndiGo,HYD-BOM,2026-06-17,99,Weather,334732,June,9900
FL100899,Vistara,CCU-BOM,2026-06-18,69,Security,260048,June,6900
FL100900,Vistara,BLR-PNQ,2026-06-19,40,Weather,212781,June,4000
FL100901,IndiGo,DEL-BLR,2026-06-20,173,Technical,491004,June,17300
FL100902,Akasa Air,BLR-PNQ,2026-06-21,59,Security,87019,June,5900
FL100903,SpiceJet,BLR-PNQ,2026-06-22,107,Technical,488164,June,10700
FL100904,SpiceJet,DEL-BLR,2026-06-23,56,Air Traffic,311497,June,5600
FL100905,Air India,HYD-BOM,2026-06-24,30,Technical,115133,June,3000
FL100906,Akasa Air,HYD-BOM,2026-06-25,83,Air Traffic,426588,June,8300
FL100907,Vistara,CCU-BOM,2026-06-26,151,Air Traffic,247530,June,15100
FL100908,IndiGo,BOM-BLR,2026-06-27,35,Technical,429747,June,3500
FL100909,Air India,CCU-BOM,2026-06-28,157,Technical,208598,June,15700
FL100910,SpiceJet,BOM-BLR,2026-06-29,151,Air Traffic,178585,June,15100
FL100911,Vistara,BLR-PNQ,2026-06-30,107,Security,495414,June,10700
FL100912,Vistara,DEL-BLR,2026-07-01,105,Air Traffic,295172,July,10500
FL100913,IndiGo,BLR-PNQ,2026-07-02,157,Crew,355539,July,15700
FL100914,SpiceJet,DEL-BOM,2026-07-03,85,Air Traffic,467247,July,8500
FL100915,Akasa Air,HYD-BOM,2026-07-04,134,Security,175814,July,13400
FL100916,Vistara,BOM-BLR,2026-07-05,162,Crew,480917,July,16200
FL100917,IndiGo,CCU-BOM,2026-07-06,13,Weather,424743,July,1300
FL100918,Akasa Air,DEL-BLR,2026-07-07,119,Weather,75939,July,11900
FL100919,SpiceJet,BOM-BLR,2026-07-08,137,Security,492361,July,13700
FL100920,Vistara,CCU-BOM,2026-07-09,79,Air Traffic,463540,July,7900
FL100921,Akasa Air,HYD-BOM,2026-07-10,143,Technical,203939,July,14300
FL100922,Akasa Air,BLR-PNQ,2026-07-11,105,Security,312347,July,10500
FL100923,Akasa Air,HYD-BOM,2026-07-12,69,Crew,459760,July,6900
FL100924,Vistara,MAA-DEL,2026-07-13,43,Crew,459115,July,4300
FL100925,Vistara,DEL-BOM,2026-07-14,72,Weather,341207,July,7200
FL100926,Air India,MAA-DEL,2026-07-15,44,Crew,140880,July,4400
FL100927,SpiceJet,DEL-BLR,2026-07-16,106,Security,53748,July,10600
FL100928,IndiGo,BOM-BLR,2026-07-17,83,Crew,286094,July,8300
FL100929,Akasa Air,DEL-BLR,2026-07-18,81,Security,429413,July,8100
FL100930,Air India,BLR-PNQ,2026-07-19,106,Technical,392908,July,10600
FL100931,IndiGo,CCU-BOM,2026-07-20,20,Weather,201956,July,2000
FL100932,Air India,HYD-BOM,2026-07-21,177,Crew,206255,July,17700
FL100933,Vistara,MAA-DEL,2026-07-22,160,Security,420180,July,16000
FL100934,Akasa Air,MAA-DEL,2026-07-23,6,Air Traffic,200331,July,600
FL100935,IndiGo,BLR-PNQ,2026-07-24,69,Weather,217031,July,6900
FL100936,IndiGo,MAA-DEL,2026-07-25,126,Technical,428669,July,12600
FL100937,IndiGo,BLR-PNQ,2026-07-26,142,Security,476673,July,14200
FL100938,IndiGo,DEL-BLR,2026-07-27,159,Technical,397823,July,15900
FL100939,IndiGo,HYD-BOM,2026-07-28,147,Technical,175829,July,14700
FL100940,Air India,BOM-BLR,2026-07-29,142,Crew,178216,July,14200
FL100941,Akasa Air,CCU-BOM,2026-07-30,175,Crew,445319,July,17500
FL100942,Vistara,BOM-BLR,2026-07-31,148,Security,115901,July,14800
FL100943,Vistara,DEL-BLR,2026-08-01,169,Air Traffic,293386,August,16900
FL100944,Vistara,CCU-BOM,2026-08-02,153,Security,225607,August,15300
FL100945,Vistara,MAA-DEL,2026-08-03,119,Air Traffic,459319,August,11900
FL100946,Air India,DEL-BOM,2026-08-04,127,Technical,148046,August,12700
FL100947,SpiceJet,DEL-BLR,2026-08-05,141,Weather,402156,August,14100
FL100948,Akasa Air,DEL-BLR,2026-08-06,56,Security,128278,August,5600
FL100949,IndiGo,HYD-BOM,2026-08-07,164,Security,324535,August,16400
FL100950,SpiceJet,BOM-BLR,2026-08-08,57,Air Traffic,152476,August,5700
FL100951,Vistara,DEL-BLR,2026-08-09,20,Technical,472117,August,2000
FL100952,SpiceJet,DEL-BLR,2026-08-10,81,Technical,432865,August,8100
FL100953,Akasa Air,MAA-DEL,2026-08-11,68,Air Traffic,147537,August,6800
FL100954,IndiGo,MAA-DEL,2026-08-12,130,Technical,393303,August,13000
FL100955,IndiGo,CCU-BOM,2026-08-13,86,Crew,443184,August,8600
FL100956,Akasa Air,BLR-PNQ,2026-08-14,164,Weather,231429,August,16400
FL100957,Akasa Air,BLR-PNQ,2026-08-15,48,Security,267980,August,4800
FL100958,Vistara,DEL-BOM,2026-08-16,146,Weather,481653,August,14600
FL100959,IndiGo,BLR-PNQ,2026-08-17,114,Security,347647,August,11400
FL100960,SpiceJet,HYD-BOM,2026-08-18,88,Crew,125403,August,8800
FL100961,Air India,DEL-BOM,2026-08-19,84,Technical,484474,August,8400
FL100962,Air India,CCU-BOM,2026-08-20,127,Air Traffic,476940,August,12700
FL100963,Akasa Air,MAA-DEL,2026-08-21,139,Crew,114286,August,13900
FL100964,Vistara,BLR-PNQ,2026-08-22,168,Weather,386986,August,16800
FL100965,Air India,BOM-BLR,2026-08-23,160,Air Traffic,154927,August,16000
FL100966,IndiGo,MAA-DEL,2026-08-24,177,Technical,327052,August,17700
FL100967,Akasa Air,HYD-BOM,2026-08-25,116,Crew,493842,August,11600
FL100968,SpiceJet,MAA-DEL,2026-08-26,126,Air Traffic,349372,August,12600
FL100969,Akasa Air,HYD-BOM,2026-08-27,70,Crew,73386,August,7000
FL100970,SpiceJet,HYD-BOM,2026-08-28,85,Crew,227826,August,8500
FL100971,Akasa Air,HYD-BOM,2026-08-29,32,Technical,340446,August,3200
FL100972,Akasa Air,CCU-BOM,2026-08-30,80,Security,372959,August,8000
FL100973,Akasa Air,HYD-BOM,2026-08-31,151,Air Traffic,302156,August,15100
FL100974,SpiceJet,HYD-BOM,2026-09-01,60,Technical,375488,September,6000
FL100975,SpiceJet,BOM-BLR,2026-09-02,60,Crew,478834,September,6000
FL100976,Akasa Air,DEL-BOM,2026-09-03,97,Technical,423747,September,9700
FL100977,Air India,DEL-BLR,2026-09-04,27,Security,373258,September,2700
FL100978,Vistara,DEL-BOM,2026-09-05,42,Air Traffic,298724,September,4200
FL100979,Vistara,HYD-BOM,2026-09-06,168,Security,251202,September,16800
FL100980,Vistara,BOM-BLR,2026-09-07,166,Weather,75525,September,16600
FL100981,SpiceJet,MAA-DEL,2026-09-08,85,Air Traffic,129818,September,8500
FL100982,SpiceJet,BOM-BLR,2026-09-09,176,Security,164589,September,17600
FL100983,Air India,HYD-BOM,2026-09-10,16,Crew,195406,September,1600
FL100984,Vistara,BOM-BLR,2026-09-11,97,Air Traffic,144715,September,9700
FL100985,Vistara,BLR-PNQ,2026-09-12,97,Air Traffic,243839,September,9700
FL100986,Akasa Air,BOM-BLR,2026-09-13,64,Technical,318788,September,6400
FL100987,SpiceJet,HYD-BOM,2026-09-14,73,Crew,413298,September,7300
FL100988,Vistara,CCU-BOM,2026-09-15,84,Weather,476149,September,8400
FL100989,Air India,BLR-PNQ,2026-09-16,4,Security,307438,September,400
FL100990,Air India,BOM-BLR,2026-09-17,1,Technical,355613,September,100
FL100991,Vistara,DEL-BLR,2026-09-18,21,Security,476903,September,2100
FL100992,SpiceJet,DEL-BLR,2026-09-19,111,Weather,418753,September,11100
FL100993,Air India,BOM-BLR,2026-09-20,56,Weather,495872,September,5600
FL100994,Akasa Air,CCU-BOM,2026-09-21,65,Air Traffic,460591,September,6500
FL100995,Air India,MAA-DEL,2026-09-22,73,Weather,377350,September,7300
FL100996,IndiGo,HYD-BOM,2026-09-23,97,Security,408606,September,9700
FL100997,IndiGo,DEL-BLR,2026-09-24,143,Crew,217679,September,14300
FL100998,SpiceJet,MAA-DEL,2026-09-25,111,Crew,133178,September,11100
FL100999,Vistara,BOM-BLR,2026-09-26,178,Air Traffic,467209,September,17800
