Flight_ID,Airline,Route,Date
FL100000,SpiceJet,HYD-BOM,2024-01-01
FL100001,Akasa Air,HYD-BOM,2024-01-02
FL100002,Vistara,HYD-BOM,2024-01-03
FL100003,Akasa Air,HYD-BOM,2024-01-04
FL100004,Akasa Air,MAA-DEL,2024-01-05
FL100005,Air India,MAA-DEL,2024-01-06
FL100006,Vistara,BLR-PNQ,2024-01-07
FL100007,Vistara,BOM-BLR,2024-01-08
FL100008,Vistara,DEL-BOM,2024-01-09
FL100009,Akasa Air,HYD-BOM,2024-01-10
FL100010,SpiceJet,BLR-PNQ,2024-01-11
FL100011,Vistara,BOM-BLR,2024-01-12
FL100012,Akasa Air,DEL-BOM,2024-01-13
FL100013,Air India,CCU-BOM,2024-01-14
FL100014,SpiceJet,DEL-BLR,2024-01-15
FL100015,Air India,MAA-DEL,2024-01-16
FL100016,SpiceJet,CCU-BOM,2024-01-17
FL100017,Akasa Air,DEL-BOM,2024-01-18
FL100018,IndiGo,CCU-BOM,2024-01-19
FL100019,SpiceJet,DEL-BLR,2024-01-20
FL100020,Air India,BLR-PNQ,2024-01-21
FL100021,Akasa Air,DEL-BOM,2024-01-22
FL100022,SpiceJet,CCU-BOM,2024-01-23
FL100023,IndiGo,MAA-DEL,2024-01-24
FL100024,IndiGo,MAA-DEL,2024-01-25
FL100025,Vistara,BOM-BLR,2024-01-26
FL100026,Vistara,CCU-BOM,2024-01-27
FL100027,Air India,HYD-BOM,2024-01-28
FL100028,SpiceJet,CCU-BOM,2024-01-29
FL100029,SpiceJet,BLR-PNQ,2024-01-30
FL100030,Vistara,DEL-BOM,2024-01-31
FL100031,SpiceJet,DEL-BOM,2024-02-01
FL100032,SpiceJet,BLR-PNQ,2024-02-02
FL100033,IndiGo,CCU-BOM,2024-02-03
FL100034,Vistara,BLR-PNQ,2024-02-04
FL100035,Akasa Air,DEL-BLR,2024-02-05
FL100036,Vistara,BLR-PNQ,2024-02-06
FL100037,Akasa Air,MAA-DEL,2024-02-07
FL100038,IndiGo,BLR-PNQ,2024-02-08
FL100039,Air India,DEL-BOM,2024-02-09
FL100040,SpiceJet,MAA-DEL,2024-02-10
FL100041,IndiGo,DEL-BOM,2024-02-11
FL100042,SpiceJet,BOM-BLR,2024-02-12
FL100043,Air India,HYD-BOM,2024-02-13
FL100044,Air India,DEL-BOM,2024-02-14
FL100045,IndiGo,MAA-DEL,2024-02-15
FL100046,Air India,BOM-BLR,2024-02-16
FL100047,Akasa Air,DEL-BOM,2024-02-17
FL100048,Air India,DEL-BLR,2024-02-18
FL100049,SpiceJet,BLR-PNQ,2024-02-19
FL100050,SpiceJet,HYD-BOM,2024-02-20
FL100051,SpiceJet,DEL-BOM,2024-02-21
FL100052,SpiceJet,BOM-BLR,2024-02-22
FL100053,Akasa Air,DEL-BLR,2024-02-23
FL100054,Vistara,CCU-BOM,2024-02-24
FL100055,IndiGo,BOM-BLR,2024-02-25
FL100056,SpiceJet,BLR-PNQ,2024-02-26
FL100057,Air India,BOM-BLR,2024-02-27
FL100058,SpiceJet,DEL-BLR,2024-02-28
FL100059,Air India,BOM-BLR,2024-02-29
FL100060,Air India,DEL-BLR,2024-03-01
FL100061,SpiceJet,DEL-BOM,2024-03-02
FL100062,Akasa Air,DEL-BLR,2024-03-03
FL100063,Air India,DEL-BLR,2024-03-04
FL100064,Air India,HYD-BOM,2024-03-05
FL100065,SpiceJet,DEL-BLR,2024-03-06
FL100066,Air India,DEL-BLR,2024-03-07
FL100067,Air India,CCU-BOM,2024-03-08
FL100068,SpiceJet,DEL-BOM,2024-03-09
FL100069,SpiceJet,BLR-PNQ,2024-03-10
FL100070,IndiGo,HYD-BOM,2024-03-11
FL100071,Akasa Air,CCU-BOM,2024-03-12
FL100072,Akasa Air,MAA-DEL,2024-03-13
FL100073,Air India,DEL-BOM,2024-03-14
FL100074,Akasa Air,DEL-BOM,2024-03-15
FL100075,Air India,MAA-DEL,2024-03-16
FL100076,IndiGo,BLR-PNQ,2024-03-17
FL100077,SpiceJet,DEL-BLR,2024-03-18
FL100078,SpiceJet,CCU-BOM,2024-03-19
FL100079,SpiceJet,BOM-BLR,2024-03-20
FL100080,Akasa Air,HYD-BOM,2024-03-21
FL100081,IndiGo,BOM-BLR,2024-03-22
FL100082,Akasa Air,MAA-DEL,2024-03-23
FL100083,Akasa Air,DEL-BOM,2024-03-24
FL100084,IndiGo,BLR-PNQ,2024-03-25
FL100085,IndiGo,DEL-BOM,2024-03-26
FL100086,IndiGo,HYD-BOM,2024-03-27
FL100087,IndiGo,DEL-BOM,2024-03-28
FL100088,SpiceJet,DEL-BOM,2024-03-29
FL100089,Vistara,HYD-BOM,2024-03-30
FL100090,Vistara,CCU-BOM,2024-03-31
FL100091,IndiGo,CCU-BOM,2024-04-01
FL100092,Vistara,HYD-BOM,2024-04-02
FL100093,Vistara,BLR-PNQ,2024-04-03
FL100094,IndiGo,MAA-DEL,2024-04-04
FL100095,Vistara,DEL-BOM,2024-04-05
FL100096,Akasa Air,BLR-PNQ,2024-04-06
FL100097,Air India,DEL-BOM,2024-04-07
FL100098,Air India,MAA-DEL,2024-04-08
FL100099,IndiGo,CCU-BOM,2024-04-09
FL100100,SpiceJet,BLR-PNQ,2024-04-10
FL100101,IndiGo,DEL-BLR,2024-04-11
FL100102,SpiceJet,DEL-BLR,2024-04-12
FL100103,Air India,DEL-BLR,2024-04-13
FL100104,IndiGo,CCU-BOM,2024-04-14
FL100105,Akasa Air,CCU-BOM,2024-04-15
FL100106,Vistara,MAA-DEL,2024-04-16
FL100107,SpiceJet,DEL-BOM,2024-04-17
FL100108,Vistara,MAA-DEL,2024-04-18
FL100109,Vistara,MAA-DEL,2024-04-19
FL100110,IndiGo,CCU-BOM,2024-04-20
FL100111,Vistara,DEL-BLR,2024-04-21
FL100112,Akasa Air,BOM-BLR,2024-04-22
FL100113,Vistara,DEL-BOM,2024-04-23
FL100114,IndiGo,CCU-BOM,2024-04-24
FL100115,Akasa Air,DEL-BLR,2024-04-25
FL100116,Air India,BLR-PNQ,2024-04-26
FL100117,Vistara,BOM-BLR,2024-04-27
FL100118,IndiGo,BOM-BLR,2024-04-28
FL100119,Air India,CCU-BOM,2024-04-29
FL100120,Air India,HYD-BOM,2024-04-30
FL100121,SpiceJet,DEL-BOM,2024-05-01
FL100122,Akasa Air,BOM-BLR,2024-05-02
FL100123,Vistara,CCU-BOM,2024-05-03
FL100124,IndiGo,CCU-BOM,2024-05-04
FL100125,SpiceJet,DEL-BLR,2024-05-05
FL100126,Akasa Air,BLR-PNQ,2024-05-06
FL100127,SpiceJet,HYD-BOM,2024-05-07
FL100128,Akasa Air,DEL-BOM,2024-05-08
FL100129,Akasa Air,MAA-DEL,2024-05-09
FL100130,Vistara,BLR-PNQ,2024-05-10
FL100131,Akasa Air,BLR-PNQ,2024-05-11
FL100132,SpiceJet,DEL-BLR,2024-05-12
FL100133,Akasa Air,BOM-BLR,2024-05-13
FL100134,Vistara,BOM-BLR,2024-05-14
FL100135,Vistara,DEL-BLR,2024-05-15
FL100136,SpiceJet,CCU-BOM,2024-05-16
FL100137,Air India,BOM-BLR,2024-05-17
FL100138,Air India,HYD-BOM,2024-05-18
FL100139,Akasa Air,DEL-BOM,2024-05-19
FL100140,IndiGo,BLR-PNQ,2024-05-20
FL100141,Akasa Air,BLR-PNQ,2024-05-21
FL100142,SpiceJet,HYD-BOM,2024-05-22
FL100143,SpiceJet,BOM-BLR,2024-05-23
FL100144,SpiceJet,BLR-PNQ,2024-05-24
FL100145,SpiceJet,MAA-DEL,2024-05-25
FL100146,SpiceJet,DEL-BOM,2024-05-26
FL100147,Vistara,DEL-BOM,2024-05-27
FL100148,Air India,BLR-PNQ,2024-05-28
FL100149,SpiceJet,DEL-BLR,2024-05-29
FL100150,IndiGo,BLR-PNQ,2024-05-30
FL100151,IndiGo,DEL-BLR,2024-05-31
FL100152,IndiGo,BLR-PNQ,2024-06-01
FL100153,IndiGo,MAA-DEL,2024-06-02
FL100154,Vistara,CCU-BOM,2024-06-03
FL100155,IndiGo,DEL-BOM,2024-06-04
FL100156,SpiceJet,BLR-PNQ,2024-06-05
FL100157,Akasa Air,MAA-DEL,2024-06-06
FL100158,IndiGo,DEL-BLR,2024-06-07
FL100159,Vistara,DEL-BLR,2024-06-08
FL100160,Vistara,DEL-BOM,2024-06-09
FL100161,IndiGo,HYD-BOM,2024-06-10
FL100162,Akasa Air,BLR-PNQ,2024-06-11
FL100163,IndiGo,BOM-BLR,2024-06-12
FL100164,Vistara,DEL-BLR,2024-06-13
FL100165,Air India,CCU-BOM,2024-06-14
FL100166,SpiceJet,CCU-BOM,2024-06-15
FL100167,Vistara,DEL-BLR,2024-06-16
FL100168,IndiGo,HYD-BOM,2024-06-17
FL100169,SpiceJet,HYD-BOM,2024-06-18
FL100170,IndiGo,MAA-DEL,2024-06-19
FL100171,IndiGo,CCU-BOM,2024-06-20
FL100172,Air India,MAA-DEL,2024-06-21
FL100173,SpiceJet,CCU-BOM,2024-06-22
FL100174,SpiceJet,BLR-PNQ,2024-06-23
FL100175,Air India,BLR-PNQ,2024-06-24
FL100176,Vistara,BOM-BLR,2024-06-25
FL100177,IndiGo,BLR-PNQ,2024-06-26
FL100178,Akasa Air,BOM-BLR,2024-06-27
FL100179,IndiGo,BLR-PNQ,2024-06-28
FL100180,IndiGo,DEL-BOM,2024-06-29
FL100181,Vistara,BLR-PNQ,2024-06-30
FL100182,IndiGo,MAA-DEL,2024-07-01
FL100183,Air India,DEL-BLR,2024-07-02
FL100184,Air India,MAA-DEL,2024-07-03
FL100185,SpiceJet,DEL-BLR,2024-07-04
FL100186,Akasa Air,HYD-BOM,2024-07-05
FL100187,IndiGo,MAA-DEL,2024-07-06
FL100188,IndiGo,HYD-BOM,2024-07-07
FL100189,Vistara,BOM-BLR,2024-07-08
FL100190,Air India,BOM-BLR,2024-07-09
FL100191,Akasa Air,DEL-BOM,2024-07-10
FL100192,SpiceJet,BLR-PNQ,2024-07-11
FL100193,Air India,MAA-DEL,2024-07-12
FL100194,SpiceJet,HYD-BOM,2024-07-13
FL100195,Vistara,DEL-BLR,2024-07-14
FL100196,Vistara,BOM-BLR,2024-07-15
FL100197,IndiGo,BLR-PNQ,2024-07-16
FL100198,Akasa Air,BOM-BLR,2024-07-17
FL100199,SpiceJet,DEL-BLR,2024-07-18
FL100200,Air India,BLR-PNQ,2024-07-19
FL100201,Vistara,BLR-PNQ,2024-07-20
FL100202,IndiGo,HYD-BOM,2024-07-21
FL100203,IndiGo,HYD-BOM,2024-07-22
FL100204,SpiceJet,MAA-DEL,2024-07-23
FL100205,Vistara,MAA-DEL,2024-07-24
FL100206,Akasa Air,CCU-BOM,2024-07-25
FL100207,Vistara,CCU-BOM,2024-07-26
FL100208,SpiceJet,DEL-BOM,2024-07-27
FL100209,SpiceJet,BOM-BLR,2024-07-28
FL100210,Vistara,MAA-DEL,2024-07-29
FL100211,SpiceJet,HYD-BOM,2024-07-30
FL100212,Vistara,DEL-BLR,2024-07-31
FL100213,Air India,HYD-BOM,2024-08-01
FL100214,Vistara,BOM-BLR,2024-08-02
FL100215,Vistara,CCU-BOM,2024-08-03
FL100216,SpiceJet,HYD-BOM,2024-08-04
FL100217,SpiceJet,DEL-BOM,2024-08-05
FL100218,IndiGo,BOM-BLR,2024-08-06
FL100219,IndiGo,CCU-BOM,2024-08-07
FL100220,Air India,DEL-BLR,2024-08-08
FL100221,IndiGo,CCU-BOM,2024-08-09
FL100222,Vistara,BLR-PNQ,2024-08-10
FL100223,SpiceJet,DEL-BOM,2024-08-11
FL100224,IndiGo,BOM-BLR,2024-08-12
FL100225,IndiGo,DEL-BLR,2024-08-13
FL100226,Air India,DEL-BOM,2024-08-14
FL100227,Air India,CCU-BOM,2024-08-15
FL100228,Vistara,DEL-BOM,2024-08-16
FL100229,SpiceJet,BOM-BLR,2024-08-17
FL100230,Air India,MAA-DEL,2024-08-18
FL100231,IndiGo,DEL-BOM,2024-08-19
FL100232,SpiceJet,BLR-PNQ,2024-08-20
FL100233,SpiceJet,DEL-BOM,2024-08-21
FL100234,IndiGo,CCU-BOM,2024-08-22
FL100235,Air India,CCU-BOM,2024-08-23
FL100236,IndiGo,DEL-BLR,2024-08-24
FL100237,SpiceJet,CCU-BOM,2024-08-25
FL100238,Akasa Air,HYD-BOM,2024-08-26
FL100239,Akasa Air,BOM-BLR,2024-08-27
FL100240,Vistara,BOM-BLR,2024-08-28
FL100241,IndiGo,MAA-DEL,2024-08-29
FL100242,IndiGo,MAA-DEL,2024-08-30
FL100243,Vistara,BOM-BLR,2024-08-31
FL100244,Vistara,BLR-PNQ,2024-09-01
FL100245,Vistara,MAA-DEL,2024-09-02
FL100246,SpiceJet,DEL-BLR,2024-09-03
FL100247,IndiGo,CCU-BOM,2024-09-04
FL100248,SpiceJet,BOM-BLR,2024-09-05
FL100249,Vistara,MAA-DEL,2024-09-06
FL100250,IndiGo,BOM-BLR,2024-09-07
FL100251,SpiceJet,HYD-BOM,2024-09-08
FL100252,SpiceJet,DEL-BOM,2024-09-09
FL100253,Vistara,CCU-BOM,2024-09-10
FL100254,IndiGo,BOM-BLR,2024-09-11
FL100255,Vistara,DEL-BOM,2024-09-12
FL100256,IndiGo,MAA-DEL,2024-09-13
FL100257,Akasa Air,DEL-BOM,2024-09-14
FL100258,Air India,CCU-BOM,2024-09-15
FL100259,Air India,BOM-BLR,2024-09-16
FL100260,Air India,HYD-BOM,2024-09-17
FL100261,Vistara,BLR-PNQ,2024-09-18
FL100262,Akasa Air,MAA-DEL,2024-09-19
FL100263,IndiGo,BOM-BLR,2024-09-20
FL100264,SpiceJet,CCU-BOM,2024-09-21
FL100265,IndiGo,MAA-DEL,2024-09-22
FL100266,SpiceJet,DEL-BLR,2024-09-23
FL100267,IndiGo,DEL-BOM,2024-09-24
FL100268,Akasa Air,BLR-PNQ,2024-09-25
FL100269,SpiceJet,CCU-BOM,2024-09-26
FL100270,Vistara,DEL-BLR,2024-09-27
FL100271,IndiGo,BOM-BLR,2024-09-28
FL100272,IndiGo,HYD-BOM,2024-09-29
FL100273,SpiceJet,MAA-DEL,2024-09-30
FL100274,Vistara,DEL-BOM,2024-10-01
FL100275,Vistara,MAA-DEL,2024-10-02
FL100276,Akasa Air,BLR-PNQ,2024-10-03
FL100277,Vistara,BOM-BLR,2024-10-04
FL100278,Vistara,MAA-DEL,2024-10-05
FL100279,Vistara,DEL-BOM,2024-10-06
FL100280,Air India,BOM-BLR,2024-10-07
FL100281,Akasa Air,MAA-DEL,2024-10-08
FL100282,IndiGo,HYD-BOM,2024-10-09
FL100283,SpiceJet,CCU-BOM,2024-10-10
FL100284,IndiGo,BOM-BLR,2024-10-11
FL100285,Akasa Air,CCU-BOM,2024-10-12
FL100286,SpiceJet,BOM-BLR,2024-10-13
FL100287,Akasa Air,HYD-BOM,2024-10-14
FL100288,Vistara,CCU-BOM,2024-10-15
FL100289,SpiceJet,DEL-BLR,2024-10-16
FL100290,Vistara,DEL-BOM,2024-10-17
FL100291,IndiGo,DEL-BLR,2024-10-18
FL100292,IndiGo,MAA-DEL,2024-10-19
FL100293,SpiceJet,HYD-BOM,2024-10-20
FL100294,SpiceJet,DEL-BLR,2024-10-21
FL100295,Akasa Air,BOM-BLR,2024-10-22
FL100296,Akasa Air,MAA-DEL,2024-10-23
FL100297,Vistara,MAA-DEL,2024-10-24
FL100298,SpiceJet,DEL-BLR,2024-10-25
FL100299,IndiGo,DEL-BLR,2024-10-26
FL100300,Akasa Air,HYD-BOM,2024-10-27
FL100301,Akasa Air,DEL-BOM,2024-10-28
FL100302,IndiGo,DEL-BLR,2024-10-29
FL100303,Akasa Air,BLR-PNQ,2024-10-30
FL100304,Vistara,DEL-BLR,2024-10-31
FL100305,SpiceJet,CCU-BOM,2024-11-01
FL100306,IndiGo,BOM-BLR,2024-11-02
FL100307,SpiceJet,BLR-PNQ,2024-11-03
FL100308,Akasa Air,BLR-PNQ,2024-11-04
FL100309,Akasa Air,CCU-BOM,2024-11-05
FL100310,IndiGo,CCU-BOM,2024-11-06
FL100311,Vistara,MAA-DEL,2024-11-07
FL100312,Air India,DEL-BOM,2024-11-08
FL100313,IndiGo,BOM-BLR,2024-11-09
FL100314,Air India,HYD-BOM,2024-11-10
FL100315,Air India,BLR-PNQ,2024-11-11
FL100316,Vistara,HYD-BOM,2024-11-12
FL100317,Air India,DEL-BLR,2024-11-13
FL100318,Air India,DEL-BLR,2024-11-14
FL100319,Vistara,HYD-BOM,2024-11-15
FL100320,Air India,DEL-BLR,2024-11-16
FL100321,Air India,DEL-BOM,2024-11-17
FL100322,Air India,CCU-BOM,2024-11-18
FL100323,IndiGo,DEL-BLR,2024-11-19
FL100324,IndiGo,MAA-DEL,2024-11-20
FL100325,IndiGo,DEL-BLR,2024-11-21
FL100326,Vistara,BOM-BLR,2024-11-22
FL100327,Akasa Air,DEL-BOM,2024-11-23
FL100328,Air India,BOM-BLR,2024-11-24
FL100329,Air India,BOM-BLR,2024-11-25
FL100330,Vistara,MAA-DEL,2024-11-26
FL100331,Air India,DEL-BOM,2024-11-27
FL100332,IndiGo,DEL-BOM,2024-11-28
FL100333,Akasa Air,DEL-BOM,2024-11-29
FL100334,SpiceJet,DEL-BOM,2024-11-30
FL100335,Air India,DEL-BOM,2024-12-01
FL100336,IndiGo,MAA-DEL,2024-12-02
FL100337,SpiceJet,DEL-BLR,2024-12-03
FL100338,Akasa Air,BOM-BLR,2024-12-04
FL100339,SpiceJet,DEL-BOM,2024-12-05
FL100340,IndiGo,BLR-PNQ,2024-12-06
FL100341,SpiceJet,DEL-BLR,2024-12-07
FL100342,Vistara,DEL-BLR,2024-12-08
FL100343,SpiceJet,BOM-BLR,2024-12-09
FL100344,Air India,MAA-DEL,2024-12-10
FL100345,Air India,HYD-BOM,2024-12-11
FL100346,Vistara,HYD-BOM,2024-12-12
FL100347,IndiGo,DEL-BLR,2024-12-13
FL100348,Air India,CCU-BOM,2024-12-14
FL100349,Akasa Air,CCU-BOM,2024-12-15
FL100350,Air India,BOM-BLR,2024-12-16
FL100351,Air India,HYD-BOM,2024-12-17
FL100352,IndiGo,DEL-BLR,2024-12-18
FL100353,SpiceJet,MAA-DEL,2024-12-19
FL100354,Air India,HYD-BOM,2024-12-20
FL100355,Vistara,DEL-BLR,2024-12-21
FL100356,SpiceJet,DEL-BLR,2024-12-22
FL100357,Akasa Air,DEL-BOM,2024-12-23
FL100358,IndiGo,MAA-DEL,2024-12-24
FL100359,Akasa Air,DEL-BOM,2024-12-25
FL100360,SpiceJet,BOM-BLR,2024-12-26
FL100361,SpiceJet,DEL-BOM,2024-12-27
FL100362,SpiceJet,BLR-PNQ,2024-12-28
FL100363,Akasa Air,DEL-BOM,2024-12-29
FL100364,SpiceJet,BLR-PNQ,2024-12-30
FL100365,Akasa Air,HYD-BOM,2024-12-31
FL100366,SpiceJet,CCU-BOM,2025-01-01
FL100367,Vistara,DEL-BLR,2025-01-02
FL100368,SpiceJet,BLR-PNQ,2025-01-03
FL100369,Akasa Air,MAA-DEL,2025-01-04
FL100370,Air India,DEL-BOM,2025-01-05
FL100371,SpiceJet,BLR-PNQ,2025-01-06
FL100372,Air India,MAA-DEL,2025-01-07
FL100373,Vistara,CCU-BOM,2025-01-08
FL100374,IndiGo,CCU-BOM,2025-01-09
FL100375,Vistara,DEL-BOM,2025-01-10
FL100376,SpiceJet,BOM-BLR,2025-01-11
FL100377,Air India,DEL-BOM,2025-01-12
FL100378,Air India,HYD-BOM,2025-01-13
FL100379,Akasa Air,BLR-PNQ,2025-01-14
FL100380,Air India,DEL-BLR,2025-01-15
FL100381,Akasa Air,BOM-BLR,2025-01-16
FL100382,IndiGo,DEL-BOM,2025-01-17
FL100383,SpiceJet,MAA-DEL,2025-01-18
FL100384,Akasa Air,BOM-BLR,2025-01-19
FL100385,IndiGo,BLR-PNQ,2025-01-20
FL100386,Air India,BOM-BLR,2025-01-21
FL100387,Air India,BLR-PNQ,2025-01-22
FL100388,IndiGo,DEL-BOM,2025-01-23
FL100389,Air India,BLR-PNQ,2025-01-24
FL100390,IndiGo,BOM-BLR,2025-01-25
FL100391,Akasa Air,MAA-DEL,2025-01-26
FL100392,Akasa Air,CCU-BOM,2025-01-27
FL100393,IndiGo,BOM-BLR,2025-01-28
FL100394,Akasa Air,BLR-PNQ,2025-01-29
FL100395,Akasa Air,CCU-BOM,2025-01-30
FL100396,Akasa Air,BLR-PNQ,2025-01-31
FL100397,Vistara,MAA-DEL,2025-02-01
FL100398,SpiceJet,BLR-PNQ,2025-02-02
FL100399,Air India,DEL-BOM,2025-02-03
FL100400,Vistara,DEL-BLR,2025-02-04
FL100401,Akasa Air,BOM-BLR,2025-02-05
FL100402,IndiGo,DEL-BLR,2025-02-06
FL100403,Akasa Air,BLR-PNQ,2025-02-07
FL100404,SpiceJet,MAA-DEL,2025-02-08
FL100405,Akasa Air,BOM-BLR,2025-02-09
FL100406,IndiGo,BLR-PNQ,2025-02-10
FL100407,SpiceJet,CCU-BOM,2025-02-11
FL100408,Akasa Air,HYD-BOM,2025-02-12
FL100409,SpiceJet,BLR-PNQ,2025-02-13
FL100410,Air India,DEL-BLR,2025-02-14
FL100411,Air India,BOM-BLR,2025-02-15
FL100412,Akasa Air,DEL-BLR,2025-02-16
FL100413,SpiceJet,BOM-BLR,2025-02-17
FL100414,IndiGo,BLR-PNQ,2025-02-18
FL100415,Akasa Air,DEL-BOM,2025-02-19
FL100416,Air India,CCU-BOM,2025-02-20
FL100417,Air India,BLR-PNQ,2025-02-21
FL100418,Akasa Air,DEL-BLR,2025-02-22
FL100419,SpiceJet,HYD-BOM,2025-02-23
FL100420,Air India,HYD-BOM,2025-02-24
FL100421,SpiceJet,MAA-DEL,2025-02-25
FL100422,Air India,BOM-BLR,2025-02-26
FL100423,Air India,DEL-BLR,2025-02-27
FL100424,Vistara,MAA-DEL,2025-02-28
FL100425,Air India,DEL-BLR,2025-03-01
FL100426,IndiGo,BOM-BLR,2025-03-02
FL100427,Akasa Air,BLR-PNQ,2025-03-03
FL100428,Akasa Air,BLR-PNQ,2025-03-04
FL100429,SpiceJet,HYD-BOM,2025-03-05
FL100430,Air India,BLR-PNQ,2025-03-06
FL100431,IndiGo,BLR-PNQ,2025-03-07
FL100432,SpiceJet,DEL-BOM,2025-03-08
FL100433,Vistara,HYD-BOM,2025-03-09
FL100434,SpiceJet,MAA-DEL,2025-03-10
FL100435,SpiceJet,CCU-BOM,2025-03-11
FL100436,Air India,DEL-BOM,2025-03-12
FL100437,Vistara,MAA-DEL,2025-03-13
FL100438,SpiceJet,BOM-BLR,2025-03-14
FL100439,IndiGo,DEL-BOM,2025-03-15
FL100440,IndiGo,MAA-DEL,2025-03-16
FL100441,Akasa Air,BOM-BLR,2025-03-17
FL100442,Vistara,HYD-BOM,2025-03-18
FL100443,Vistara,CCU-BOM,2025-03-19
FL100444,Akasa Air,BOM-BLR,2025-03-20
FL100445,SpiceJet,BLR-PNQ,2025-03-21
FL100446,Vistara,DEL-BLR,2025-03-22
FL100447,IndiGo,BOM-BLR,2025-03-23
FL100448,IndiGo,BOM-BLR,2025-03-24
FL100449,Air India,CCU-BOM,2025-03-25
FL100450,Vistara,DEL-BLR,2025-03-26
FL100451,SpiceJet,BLR-PNQ,2025-03-27
FL100452,Akasa Air,MAA-DEL,2025-03-28
FL100453,Akasa Air,MAA-DEL,2025-03-29
FL100454,SpiceJet,BOM-BLR,2025-03-30
FL100455,Air India,DEL-BLR,2025-03-31
FL100456,Akasa Air,DEL-BLR,2025-04-01
FL100457,Vistara,BLR-PNQ,2025-04-02
FL100458,Air India,CCU-BOM,2025-04-03
FL100459,Vistara,HYD-BOM,2025-04-04
FL100460,IndiGo,MAA-DEL,2025-04-05
FL100461,Air India,CCU-BOM,2025-04-06
FL100462,Akasa Air,DEL-BOM,2025-04-07
FL100463,Air India,MAA-DEL,2025-04-08
FL100464,Air India,CCU-BOM,2025-04-09
FL100465,Air India,MAA-DEL,2025-04-10
FL100466,Air India,HYD-BOM,2025-04-11
FL100467,Vistara,DEL-BOM,2025-04-12
FL100468,IndiGo,HYD-BOM,2025-04-13
FL100469,SpiceJet,BLR-PNQ,2025-04-14
FL100470,Air India,DEL-BOM,2025-04-15
FL100471,Akasa Air,BOM-BLR,2025-04-16
FL100472,Air India,CCU-BOM,2025-04-17
FL100473,Akasa Air,DEL-BOM,2025-04-18
FL100474,Vistara,BLR-PNQ,2025-04-19
FL100475,Akasa Air,BLR-PNQ,2025-04-20
FL100476,SpiceJet,HYD-BOM,2025-04-21
FL100477,IndiGo,MAA-DEL,2025-04-22
FL100478,Akasa Air,DEL-BOM,2025-04-23
FL100479,Akasa Air,CCU-BOM,2025-04-24
FL100480,IndiGo,DEL-BOM,2025-04-25
FL100481,SpiceJet,DEL-BLR,2025-04-26
FL100482,Air India,MAA-DEL,2025-04-27
FL100483,Akasa Air,CCU-BOM,2025-04-28
FL100484,IndiGo,CCU-BOM,2025-04-29
FL100485,Vistara,BOM-BLR,2025-04-30
FL100486,IndiGo,HYD-BOM,2025-05-01
FL100487,Vistara,BOM-BLR,2025-05-02
FL100488,SpiceJet,CCU-BOM,2025-05-03
FL100489,Air India,MAA-DEL,2025-05-04
FL100490,IndiGo,DEL-BOM,2025-05-05
FL100491,Akasa Air,DEL-BOM,2025-05-06
FL100492,SpiceJet,MAA-DEL,2025-05-07
FL100493,IndiGo,CCU-BOM,2025-05-08
FL100494,Akasa Air,BLR-PNQ,2025-05-09
FL100495,IndiGo,DEL-BOM,2025-05-10
FL100496,Vistara,BLR-PNQ,2025-05-11
FL100497,IndiGo,DEL-BOM,2025-05-12
FL100498,IndiGo,DEL-BOM,2025-05-13
FL100499,IndiGo,HYD-BOM,2025-05-14
FL100500,SpiceJet,HYD-BOM,2025-05-15
FL100501,IndiGo,DEL-BLR,2025-05-16
FL100502,Akasa Air,BOM-BLR,2025-05-17
FL100503,Vistara,MAA-DEL,2025-05-18
FL100504,Vistara,MAA-DEL,2025-05-19
FL100505,IndiGo,MAA-DEL,2025-05-20
FL100506,SpiceJet,DEL-BLR,2025-05-21
FL100507,SpiceJet,HYD-BOM,2025-05-22
FL100508,Akasa Air,CCU-BOM,2025-05-23
FL100509,IndiGo,BLR-PNQ,2025-05-24
FL100510,Vistara,BLR-PNQ,2025-05-25
FL100511,SpiceJet,CCU-BOM,2025-05-26
FL100512,IndiGo,DEL-BLR,2025-05-27
FL100513,SpiceJet,CCU-BOM,2025-05-28
FL100514,SpiceJet,MAA-DEL,2025-05-29
FL100515,Vistara,BOM-BLR,2025-05-30
FL100516,Air India,DEL-BOM,2025-05-31
FL100517,Akasa Air,BLR-PNQ,2025-06-01
FL100518,Akasa Air,HYD-BOM,2025-06-02
FL100519,Vistara,HYD-BOM,2025-06-03
FL100520,SpiceJet,DEL-BLR,2025-06-04
FL100521,IndiGo,HYD-BOM,2025-06-05
FL100522,SpiceJet,MAA-DEL,2025-06-06
FL100523,Vistara,BLR-PNQ,2025-06-07
FL100524,Akasa Air,CCU-BOM,2025-06-08
FL100525,SpiceJet,MAA-DEL,2025-06-09
FL100526,Akasa Air,DEL-BLR,2025-06-10
FL100527,IndiGo,MAA-DEL,2025-06-11
FL100528,Akasa Air,CCU-BOM,2025-06-12
FL100529,Akasa Air,BOM-BLR,2025-06-13
FL100530,Air India,DEL-BLR,2025-06-14
FL100531,Air India,BOM-BLR,2025-06-15
FL100532,Air India,DEL-BOM,2025-06-16
FL100533,Akasa Air,BOM-BLR,2025-06-17
FL100534,Vistara,DEL-BOM,2025-06-18
FL100535,Akasa Air,DEL-BOM,2025-06-19
FL100536,Vistara,BOM-BLR,2025-06-20
FL100537,Vistara,DEL-BLR,2025-06-21
FL100538,Air India,CCU-BOM,2025-06-22
FL100539,SpiceJet,MAA-DEL,2025-06-23
FL100540,IndiGo,MAA-DEL,2025-06-24
FL100541,Air India,CCU-BOM,2025-06-25
FL100542,Air India,BLR-PNQ,2025-06-26
FL100543,SpiceJet,BLR-PNQ,2025-06-27
FL100544,IndiGo,DEL-BOM,2025-06-28
FL100545,Akasa Air,DEL-BOM,2025-06-29
FL100546,Akasa Air,DEL-BLR,2025-06-30
FL100547,Air India,HYD-BOM,2025-07-01
FL100548,IndiGo,BOM-BLR,2025-07-02
FL100549,Air India,DEL-BOM,2025-07-03
FL100550,Vistara,MAA-DEL,2025-07-04
FL100551,Air India,DEL-BLR,2025-07-05
FL100552,Air India,BOM-BLR,2025-07-06
FL100553,Akasa Air,DEL-BLR,2025-07-07
FL100554,Akasa Air,BOM-BLR,2025-07-08
FL100555,Akasa Air,BOM-BLR,2025-07-09
FL100556,Vistara,CCU-BOM,2025-07-10
FL100557,Akasa Air,DEL-BOM,2025-07-11
FL100558,IndiGo,DEL-BLR,2025-07-12
FL100559,SpiceJet,DEL-BLR,2025-07-13
FL100560,IndiGo,CCU-BOM,2025-07-14
FL100561,IndiGo,MAA-DEL,2025-07-15
FL100562,Akasa Air,MAA-DEL,2025-07-16
FL100563,SpiceJet,BLR-PNQ,2025-07-17
FL100564,SpiceJet,DEL-BOM,2025-07-18
FL100565,SpiceJet,DEL-BOM,2025-07-19
FL100566,Vistara,HYD-BOM,2025-07-20
FL100567,Akasa Air,CCU-BOM,2025-07-21
FL100568,SpiceJet,MAA-DEL,2025-07-22
FL100569,Vistara,BOM-BLR,2025-07-23
FL100570,Air India,DEL-BLR,2025-07-24
FL100571,Air India,DEL-BOM,2025-07-25
FL100572,Vistara,DEL-BLR,2025-07-26
FL100573,Vistara,DEL-BLR,2025-07-27
FL100574,Akasa Air,HYD-BOM,2025-07-28
FL100575,Akasa Air,MAA-DEL,2025-07-29
FL100576,Air India,DEL-BOM,2025-07-30
FL100577,SpiceJet,DEL-BLR,2025-07-31
FL100578,Air India,DEL-BOM,2025-08-01
FL100579,SpiceJet,BOM-BLR,2025-08-02
FL100580,SpiceJet,HYD-BOM,2025-08-03
FL100581,Akasa Air,BOM-BLR,2025-08-04
FL100582,IndiGo,DEL-BOM,2025-08-05
FL100583,IndiGo,BLR-PNQ,2025-08-06
FL100584,Vistara,DEL-BOM,2025-08-07
FL100585,Akasa Air,MAA-DEL,2025-08-08
FL100586,SpiceJet,DEL-BLR,2025-08-09
FL100587,IndiGo,DEL-BLR,2025-08-10
FL100588,SpiceJet,BOM-BLR,2025-08-11
FL100589,IndiGo,HYD-BOM,2025-08-12
FL100590,IndiGo,BLR-PNQ,2025-08-13
FL100591,IndiGo,CCU-BOM,2025-08-14
FL100592,Akasa Air,DEL-BLR,2025-08-15
FL100593,Air India,MAA-DEL,2025-08-16
FL100594,SpiceJet,BOM-BLR,2025-08-17
FL100595,Akasa Air,BOM-BLR,2025-08-18
FL100596,Akasa Air,CCU-BOM,2025-08-19
FL100597,Akasa Air,MAA-DEL,2025-08-20
FL100598,Akasa Air,HYD-BOM,2025-08-21
FL100599,Akasa Air,MAA-DEL,2025-08-22
FL100600,Vistara,HYD-BOM,2025-08-23
FL100601,SpiceJet,MAA-DEL,2025-08-24
FL100602,Akasa Air,MAA-DEL,2025-08-25
FL100603,SpiceJet,DEL-BOM,2025-08-26
FL100604,Vistara,BOM-BLR,2025-08-27
FL100605,Vistara,MAA-DEL,2025-08-28
FL100606,SpiceJet,CCU-BOM,2025-08-29
FL100607,IndiGo,MAA-DEL,2025-08-30
FL100608,Air India,DEL-BLR,2025-08-31
FL100609,IndiGo,BOM-BLR,2025-09-01
FL100610,IndiGo,DEL-BLR,2025-09-02
FL100611,IndiGo,BOM-BLR,2025-09-03
FL100612,Akasa Air,DEL-BLR,2025-09-04
FL100613,Vistara,MAA-DEL,2025-09-05
FL100614,IndiGo,MAA-DEL,2025-09-06
FL100615,Vistara,DEL-BOM,2025-09-07
FL100616,SpiceJet,CCU-BOM,2025-09-08
FL100617,Air India,DEL-BLR,2025-09-09
FL100618,SpiceJet,HYD-BOM,2025-09-10
FL100619,SpiceJet,DEL-BOM,2025-09-11
FL100620,Akasa Air,DEL-BLR,2025-09-12
FL100621,Air India,DEL-BLR,2025-09-13
FL100622,SpiceJet,DEL-BOM,2025-09-14
FL100623,SpiceJet,MAA-DEL,2025-09-15
FL100624,Air India,DEL-BLR,2025-09-16
FL100625,Air India,MAA-DEL,2025-09-17
FL100626,SpiceJet,DEL-BOM,2025-09-18
FL100627,Air India,MAA-DEL,2025-09-19
FL100628,SpiceJet,BOM-BLR,2025-09-20
FL100629,SpiceJet,HYD-BOM,2025-09-21
FL100630,Akasa Air,BLR-PNQ,2025-09-22
FL100631,IndiGo,DEL-BLR,2025-09-23
FL100632,SpiceJet,CCU-BOM,2025-09-24
FL100633,Vistara,HYD-BOM,2025-09-25
FL100634,IndiGo,BLR-PNQ,2025-09-26
FL100635,IndiGo,MAA-DEL,2025-09-27
FL100636,IndiGo,DEL-BLR,2025-09-28
FL100637,Akasa Air,MAA-DEL,2025-09-29
FL100638,SpiceJet,BOM-BLR,2025-09-30
FL100639,Akasa Air,DEL-BOM,2025-10-01
FL100640,SpiceJet,DEL-BLR,2025-10-02
FL100641,Akasa Air,BLR-PNQ,2025-10-03
FL100642,Akasa Air,BLR-PNQ,2025-10-04
FL100643,Vistara,BOM-BLR,2025-10-05
FL100644,Akasa Air,BOM-BLR,2025-10-06
FL100645,Air India,DEL-BLR,2025-10-07
FL100646,Vistara,MAA-DEL,2025-10-08
FL100647,Akasa Air,CCU-BOM,2025-10-09
FL100648,IndiGo,BLR-PNQ,2025-10-10
FL100649,Air India,BLR-PNQ,2025-10-11
FL100650,Air India,BOM-BLR,2025-10-12
FL100651,Air India,HYD-BOM,2025-10-13
FL100652,Vistara,BOM-BLR,2025-10-14
FL100653,Akasa Air,CCU-BOM,2025-10-15
FL100654,Akasa Air,MAA-DEL,2025-10-16
FL100655,IndiGo,MAA-DEL,2025-10-17
FL100656,IndiGo,HYD-BOM,2025-10-18
FL100657,Air India,BLR-PNQ,2025-10-19
FL100658,IndiGo,BOM-BLR,2025-10-20
FL100659,Vistara,MAA-DEL,2025-10-21
FL100660,Akasa Air,CCU-BOM,2025-10-22
FL100661,Air India,DEL-BLR,2025-10-23
FL100662,IndiGo,DEL-BOM,2025-10-24
FL100663,Vistara,DEL-BOM,2025-10-25
FL100664,Vistara,DEL-BOM,2025-10-26
FL100665,IndiGo,BLR-PNQ,2025-10-27
FL100666,Akasa Air,BOM-BLR,2025-10-28
FL100667,IndiGo,HYD-BOM,2025-10-29
FL100668,Air India,MAA-DEL,2025-10-30
FL100669,IndiGo,DEL-BLR,2025-10-31
FL100670,Vistara,CCU-BOM,2025-11-01
FL100671,IndiGo,DEL-BLR,2025-11-02
FL100672,Akasa Air,CCU-BOM,2025-11-03
FL100673,SpiceJet,BLR-PNQ,2025-11-04
FL100674,IndiGo,BOM-BLR,2025-11-05
FL100675,Akasa Air,DEL-BOM,2025-11-06
FL100676,Akasa Air,BOM-BLR,2025-11-07
FL100677,Vistara,BLR-PNQ,2025-11-08
FL100678,Akasa Air,HYD-BOM,2025-11-09
FL100679,Akasa Air,HYD-BOM,2025-11-10
FL100680,Akasa Air,BLR-PNQ,2025-11-11
FL100681,Akasa Air,CCU-BOM,2025-11-12
FL100682,Air India,MAA-DEL,2025-11-13
FL100683,Air India,MAA-DEL,2025-11-14
FL100684,Vistara,CCU-BOM,2025-11-15
FL100685,IndiGo,HYD-BOM,2025-11-16
FL100686,Akasa Air,HYD-BOM,2025-11-17
FL100687,IndiGo,HYD-BOM,2025-11-18
FL100688,IndiGo,BOM-BLR,2025-11-19
FL100689,Vistara,HYD-BOM,2025-11-20
FL100690,Akasa Air,DEL-BLR,2025-11-21
FL100691,Akasa Air,DEL-BOM,2025-11-22
FL100692,SpiceJet,HYD-BOM,2025-11-23
FL100693,IndiGo,CCU-BOM,2025-11-24
FL100694,IndiGo,DEL-BOM,2025-11-25
FL100695,Air India,BOM-BLR,2025-11-26
FL100696,SpiceJet,CCU-BOM,2025-11-27
FL100697,Air India,DEL-BOM,2025-11-28
FL100698,Air India,CCU-BOM,2025-11-29
FL100699,Air India,BOM-BLR,2025-11-30
FL100700,Vistara,DEL-BLR,2025-12-01
FL100701,Vistara,BOM-BLR,2025-12-02
FL100702,Air India,BOM-BLR,2025-12-03
FL100703,SpiceJet,CCU-BOM,2025-12-04
FL100704,IndiGo,BLR-PNQ,2025-12-05
FL100705,SpiceJet,MAA-DEL,2025-12-06
FL100706,Akasa Air,HYD-BOM,2025-12-07
FL100707,Vistara,HYD-BOM,2025-12-08
FL100708,IndiGo,DEL-BLR,2025-12-09
FL100709,IndiGo,DEL-BLR,2025-12-10
FL100710,Akasa Air,HYD-BOM,2025-12-11
FL100711,Akasa Air,MAA-DEL,2025-12-12
FL100712,Air India,HYD-BOM,2025-12-13
FL100713,Vistara,BLR-PNQ,2025-12-14
FL100714,Vistara,MAA-DEL,2025-12-15
FL100715,SpiceJet,DEL-BLR,2025-12-16
FL100716,Air India,DEL-BOM,2025-12-17
FL100717,Air India,CCU-BOM,2025-12-18
FL100718,Air India,BLR-PNQ,2025-12-19
FL100719,Air India,BLR-PNQ,2025-12-20
FL100720,Vistara,DEL-BLR,2025-12-21
FL100721,Vistara,DEL-BLR,2025-12-22
FL100722,Air India,BOM-BLR,2025-12-23
FL100723,SpiceJet,BLR-PNQ,2025-12-24
FL100724,IndiGo,BOM-BLR,2025-12-25
FL100725,IndiGo,BOM-BLR,2025-12-26
FL100726,SpiceJet,CCU-BOM,2025-12-27
FL100727,Air India,BOM-BLR,2025-12-28
FL100728,Vistara,MAA-DEL,2025-12-29
FL100729,IndiGo,HYD-BOM,2025-12-30
FL100730,Akasa Air,DEL-BOM,2025-12-31
FL100731,Akasa Air,DEL-BLR,2026-01-01
FL100732,SpiceJet,MAA-DEL,2026-01-02
FL100733,Air India,DEL-BOM,2026-01-03
FL100734,IndiGo,BLR-PNQ,2026-01-04
FL100735,Air India,BLR-PNQ,2026-01-05
FL100736,IndiGo,BLR-PNQ,2026-01-06
FL100737,SpiceJet,MAA-DEL,2026-01-07
FL100738,SpiceJet,MAA-DEL,2026-01-08
FL100739,Akasa Air,DEL-BLR,2026-01-09
FL100740,Air India,HYD-BOM,2026-01-10
FL100741,Akasa Air,BOM-BLR,2026-01-11
FL100742,Air India,BLR-PNQ,2026-01-12
FL100743,Akasa Air,CCU-BOM,2026-01-13
FL100744,Vistara,HYD-BOM,2026-01-14
FL100745,Vistara,CCU-BOM,2026-01-15
FL100746,Vistara,DEL-BLR,2026-01-16
FL100747,Vistara,DEL-BLR,2026-01-17
FL100748,IndiGo,DEL-BLR,2026-01-18
FL100749,Vistara,DEL-BOM,2026-01-19
FL100750,SpiceJet,CCU-BOM,2026-01-20
FL100751,SpiceJet,HYD-BOM,2026-01-21
FL100752,IndiGo,HYD-BOM,2026-01-22
FL100753,Vistara,MAA-DEL,2026-01-23
FL100754,Vistara,MAA-DEL,2026-01-24
FL100755,Vistara,BLR-PNQ,2026-01-25
FL100756,Akasa Air,MAA-DEL,2026-01-26
FL100757,Air India,DEL-BLR,2026-01-27
FL100758,Akasa Air,HYD-BOM,2026-01-28
FL100759,Air India,CCU-BOM,2026-01-29
FL100760,Vistara,DEL-BLR,2026-01-30
FL100761,Vistara,DEL-BOM,2026-01-31
FL100762,Akasa Air,MAA-DEL,2026-02-01
FL100763,Akasa Air,DEL-BLR,2026-02-02
FL100764,Air India,DEL-BLR,2026-02-03
FL100765,SpiceJet,DEL-BOM,2026-02-04
FL100766,Air India,BOM-BLR,2026-02-05
FL100767,Akasa Air,HYD-BOM,2026-02-06
FL100768,Akasa Air,CCU-BOM,2026-02-07
FL100769,IndiGo,BLR-PNQ,2026-02-08
FL100770,Akasa Air,BOM-BLR,2026-02-09
FL100771,IndiGo,MAA-DEL,2026-02-10
FL100772,SpiceJet,DEL-BLR,2026-02-11
FL100773,Air India,DEL-BOM,2026-02-12
FL100774,Air India,DEL-BOM,2026-02-13
FL100775,IndiGo,HYD-BOM,2026-02-14
FL100776,Air India,BOM-BLR,2026-02-15
FL100777,Akasa Air,BLR-PNQ,2026-02-16
FL100778,Vistara,HYD-BOM,2026-02-17
FL100779,IndiGo,DEL-BLR,2026-02-18
FL100780,Air India,HYD-BOM,2026-02-19
FL100781,IndiGo,CCU-BOM,2026-02-20
FL100782,IndiGo,DEL-BOM,2026-02-21
FL100783,Vistara,DEL-BOM,2026-02-22
FL100784,Akasa Air,MAA-DEL,2026-02-23
FL100785,IndiGo,MAA-DEL,2026-02-24
FL100786,Air India,BLR-PNQ,2026-02-25
FL100787,SpiceJet,DEL-BLR,2026-02-26
FL100788,IndiGo,CCU-BOM,2026-02-27
FL100789,IndiGo,BOM-BLR,2026-02-28
FL100790,Vistara,HYD-BOM,2026-03-01
FL100791,Akasa Air,BLR-PNQ,2026-03-02
FL100792,SpiceJet,DEL-BLR,2026-03-03
FL100793,Air India,MAA-DEL,2026-03-04
FL100794,SpiceJet,HYD-BOM,2026-03-05
FL100795,Air India,MAA-DEL,2026-03-06
FL100796,Akasa Air,HYD-BOM,2026-03-07
FL100797,Air India,BOM-BLR,2026-03-08
FL100798,Vistara,DEL-BLR,2026-03-09
FL100799,Vistara,HYD-BOM,2026-03-10
FL100800,Vistara,CCU-BOM,2026-03-11
FL100801,Vistara,BLR-PNQ,2026-03-12
FL100802,SpiceJet,DEL-BOM,2026-03-13
FL100803,Akasa Air,CCU-BOM,2026-03-14
FL100804,Air India,CCU-BOM,2026-03-15
FL100805,Air India,BLR-PNQ,2026-03-16
FL100806,Vistara,DEL-BOM,2026-03-17
FL100807,Vistara,CCU-BOM,2026-03-18
FL100808,IndiGo,HYD-BOM,2026-03-19
FL100809,Akasa Air,HYD-BOM,2026-03-20
FL100810,SpiceJet,HYD-BOM,2026-03-21
FL100811,Air India,DEL-BOM,2026-03-22
FL100812,IndiGo,CCU-BOM,2026-03-23
FL100813,IndiGo,DEL-BOM,2026-03-24
FL100814,Air India,HYD-BOM,2026-03-25
FL100815,SpiceJet,BLR-PNQ,2026-03-26
FL100816,IndiGo,CCU-BOM,2026-03-27
FL100817,IndiGo,CCU-BOM,2026-03-28
FL100818,Akasa Air,MAA-DEL,2026-03-29
FL100819,SpiceJet,MAA-DEL,2026-03-30
FL100820,IndiGo,BOM-BLR,2026-03-31
FL100821,SpiceJet,DEL-BLR,2026-04-01
FL100822,Air India,MAA-DEL,2026-04-02
FL100823,Vistara,DEL-BOM,2026-04-03
FL100824,IndiGo,MAA-DEL,2026-04-04
FL100825,Akasa Air,BOM-BLR,2026-04-05
FL100826,Air India,CCU-BOM,2026-04-06
FL100827,SpiceJet,BOM-BLR,2026-04-07
FL100828,Air India,CCU-BOM,2026-04-08
FL100829,IndiGo,BLR-PNQ,2026-04-09
FL100830,SpiceJet,BLR-PNQ,2026-04-10
FL100831,Vistara,CCU-BOM,2026-04-11
FL100832,Air India,DEL-BLR,2026-04-12
FL100833,IndiGo,MAA-DEL,2026-04-13
FL100834,Akasa Air,DEL-BOM,2026-04-14
FL100835,SpiceJet,DEL-BOM,2026-04-15
FL100836,Air India,HYD-BOM,2026-04-16
FL100837,Air India,CCU-BOM,2026-04-17
FL100838,Vistara,DEL-BOM,2026-04-18
FL100839,Vistara,DEL-BLR,2026-04-19
FL100840,Akasa Air,CCU-BOM,2026-04-20
FL100841,Akasa Air,DEL-BLR,2026-04-21
FL100842,IndiGo,DEL-BOM,2026-04-22
FL100843,IndiGo,DEL-BOM,2026-04-23
FL100844,Akasa Air,HYD-BOM,2026-04-24
FL100845,Akasa Air,DEL-BOM,2026-04-25
FL100846,SpiceJet,CCU-BOM,2026-04-26
FL100847,Vistara,BLR-PNQ,2026-04-27
FL100848,IndiGo,CCU-BOM,2026-04-28
FL100849,Vistara,CCU-BOM,2026-04-29
FL100850,Vistara,HYD-BOM,2026-04-30
FL100851,Akasa Air,HYD-BOM,2026-05-01
FL100852,SpiceJet,DEL-BOM,2026-05-02
FL100853,Air India,BOM-BLR,2026-05-03
FL100854,SpiceJet,BOM-BLR,2026-05-04
FL100855,SpiceJet,HYD-BOM,2026-05-05
FL100856,Vistara,DEL-BOM,2026-05-06
FL100857,SpiceJet,BOM-BLR,2026-05-07
FL100858,IndiGo,DEL-BOM,2026-05-08
FL100859,Vistara,DEL-BOM,2026-05-09
FL100860,IndiGo,DEL-BOM,2026-05-10
FL100861,Air India,MAA-DEL,2026-05-11
FL100862,Vistara,CCU-BOM,2026-05-12
FL100863,Air India,DEL-BOM,2026-05-13
FL100864,Vistara,MAA-DEL,2026-05-14
FL100865,Akasa Air,HYD-BOM,2026-05-15
FL100866,SpiceJet,BOM-BLR,2026-05-16
FL100867,Akasa Air,CCU-BOM,2026-05-17
FL100868,Air India,BLR-PNQ,2026-05-18
FL100869,SpiceJet,BOM-BLR,2026-05-19
FL100870,Vistara,CCU-BOM,2026-05-20
FL100871,SpiceJet,BLR-PNQ,2026-05-21
FL100872,IndiGo,BOM-BLR,2026-05-22
FL100873,SpiceJet,CCU-BOM,2026-05-23
FL100874,IndiGo,BOM-BLR,2026-05-24
FL100875,SpiceJet,BOM-BLR,2026-05-25
FL100876,IndiGo,BLR-PNQ,2026-05-26
FL100877,Air India,BOM-BLR,2026-05-27
FL100878,Akasa Air,BOM-BLR,2026-05-28
FL100879,Vistara,BLR-PNQ,2026-05-29
FL100880,SpiceJet,HYD-BOM,2026-05-30
FL100881,Akasa Air,DEL-BOM,2026-05-31
FL100882,Vistara,DEL-BLR,2026-06-01
FL100883,Vistara,MAA-DEL,2026-06-02
FL100884,IndiGo,DEL-BLR,2026-06-03
FL100885,Air India,DEL-BLR,2026-06-04
FL100886,Air India,CCU-BOM,2026-06-05
FL100887,Akasa Air,DEL-BOM,2026-06-06
FL100888,Air India,CCU-BOM,2026-06-07
FL100889,SpiceJet,DEL-BOM,2026-06-08
FL100890,Air India,BLR-PNQ,2026-06-09
FL100891,Akasa Air,BLR-PNQ,2026-06-10
FL100892,Air India,DEL-BOM,2026-06-11
FL100893,SpiceJet,BOM-BLR,2026-06-12
FL100894,IndiGo,HYD-BOM,2026-06-13
FL100895,Akasa Air,BOM-BLR,2026-06-14
FL100896,IndiGo,HYD-BOM,2026-06-15
FL100897,IndiGo,CCU-BOM,2026-06-16
FL100898,IndiGo,HYD-BOM,2026-06-17
FL100899,Vistara,CCU-BOM,2026-06-18
FL100900,Vistara,BLR-PNQ,2026-06-19
FL100901,IndiGo,DEL-BLR,2026-06-20
FL100902,Akasa Air,BLR-PNQ,2026-06-21
FL100903,SpiceJet,BLR-PNQ,2026-06-22
FL100904,SpiceJet,DEL-BLR,2026-06-23
FL100905,Air India,HYD-BOM,2026-06-24
FL100906,Akasa Air,HYD-BOM,2026-06-25
FL100907,Vistara,CCU-BOM,2026-06-26
FL100908,IndiGo,BOM-BLR,2026-06-27
FL100909,Air India,CCU-BOM,2026-06-28
FL100910,SpiceJet,BOM-BLR,2026-06-29
FL100911,Vistara,BLR-PNQ,2026-06-30
FL100912,Vistara,DEL-BLR,2026-07-01
FL100913,IndiGo,BLR-PNQ,2026-07-02
FL100914,SpiceJet,DEL-BOM,2026-07-03
FL100915,Akasa Air,HYD-BOM,2026-07-04
FL100916,Vistara,BOM-BLR,2026-07-05
FL100917,IndiGo,CCU-BOM,2026-07-06
FL100918,Akasa Air,DEL-BLR,2026-07-07
FL100919,SpiceJet,BOM-BLR,2026-07-08
FL100920,Vistara,CCU-BOM,2026-07-09
FL100921,Akasa Air,HYD-BOM,2026-07-10
FL100922,Akasa Air,BLR-PNQ,2026-07-11
FL100923,Akasa Air,HYD-BOM,2026-07-12
FL100924,Vistara,MAA-DEL,2026-07-13
FL100925,Vistara,DEL-BOM,2026-07-14
FL100926,Air India,MAA-DEL,2026-07-15
FL100927,SpiceJet,DEL-BLR,2026-07-16
FL100928,IndiGo,BOM-BLR,2026-07-17
FL100929,Akasa Air,DEL-BLR,2026-07-18
FL100930,Air India,BLR-PNQ,2026-07-19
FL100931,IndiGo,CCU-BOM,2026-07-20
FL100932,Air India,HYD-BOM,2026-07-21
FL100933,Vistara,MAA-DEL,2026-07-22
FL100934,Akasa Air,MAA-DEL,2026-07-23
FL100935,IndiGo,BLR-PNQ,2026-07-24
FL100936,IndiGo,MAA-DEL,2026-07-25
FL100937,IndiGo,BLR-PNQ,2026-07-26
FL100938,IndiGo,DEL-BLR,2026-07-27
FL100939,IndiGo,HYD-BOM,2026-07-28
FL100940,Air India,BOM-BLR,2026-07-29
FL100941,Akasa Air,CCU-BOM,2026-07-30
FL100942,Vistara,BOM-BLR,2026-07-31
FL100943,Vistara,DEL-BLR,2026-08-01
FL100944,Vistara,CCU-BOM,2026-08-02
FL100945,Vistara,MAA-DEL,2026-08-03
FL100946,Air India,DEL-BOM,2026-08-04
FL100947,SpiceJet,DEL-BLR,2026-08-05
FL100948,Akasa Air,DEL-BLR,2026-08-06
FL100949,IndiGo,HYD-BOM,2026-08-07
FL100950,SpiceJet,BOM-BLR,2026-08-08
FL100951,Vistara,DEL-BLR,2026-08-09
FL100952,SpiceJet,DEL-BLR,2026-08-10
FL100953,Akasa Air,MAA-DEL,2026-08-11
FL100954,IndiGo,MAA-DEL,2026-08-12
FL100955,IndiGo,CCU-BOM,2026-08-13
FL100956,Akasa Air,BLR-PNQ,2026-08-14
FL100957,Akasa Air,BLR-PNQ,2026-08-15
FL100958,Vistara,DEL-BOM,2026-08-16
FL100959,IndiGo,BLR-PNQ,2026-08-17
FL100960,SpiceJet,HYD-BOM,2026-08-18
FL100961,Air India,DEL-BOM,2026-08-19
FL100962,Air India,CCU-BOM,2026-08-20
FL100963,Akasa Air,MAA-DEL,2026-08-21
FL100964,Vistara,BLR-PNQ,2026-08-22
FL100965,Air India,BOM-BLR,2026-08-23
FL100966,IndiGo,MAA-DEL,2026-08-24
FL100967,Akasa Air,HYD-BOM,2026-08-25
FL100968,SpiceJet,MAA-DEL,2026-08-26
FL100969,Akasa Air,HYD-BOM,2026-08-27
FL100970,SpiceJet,HYD-BOM,2026-08-28
FL100971,Akasa Air,HYD-BOM,2026-08-29
FL100972,Akasa Air,CCU-BOM,2026-08-30
FL100973,Akasa Air,HYD-BOM,2026-08-31
FL100974,SpiceJet,HYD-BOM,2026-09-01
FL100975,SpiceJet,BOM-BLR,2026-09-02
FL100976,Akasa Air,DEL-BOM,2026-09-03
FL100977,Air India,DEL-BLR,2026-09-04
FL100978,Vistara,DEL-BOM,2026-09-05
FL100979,Vistara,HYD-BOM,2026-09-06
FL100980,Vistara,BOM-BLR,2026-09-07
FL100981,SpiceJet,MAA-DEL,2026-09-08
FL100982,SpiceJet,BOM-BLR,2026-09-09
FL100983,Air India,HYD-BOM,2026-09-10
FL100984,Vistara,BOM-BLR,2026-09-11
FL100985,Vistara,BLR-PNQ,2026-09-12
FL100986,Akasa Air,BOM-BLR,2026-09-13
FL100987,SpiceJet,HYD-BOM,2026-09-14
FL100988,Vistara,CCU-BOM,2026-09-15
FL100989,Air India,BLR-PNQ,2026-09-16
FL100990,Air India,BOM-BLR,2026-09-17
FL100991,Vistara,DEL-BLR,2026-09-18
FL100992,SpiceJet,DEL-BLR,2026-09-19
FL100993,Air India,BOM-BLR,2026-09-20
FL100994,Akasa Air,CCU-BOM,2026-09-21
FL100995,Air India,MAA-DEL,2026-09-22
FL100996,IndiGo,HYD-BOM,2026-09-23
FL100997,IndiGo,DEL-BLR,2026-09-24
FL100998,SpiceJet,MAA-DEL,2026-09-25
FL100999,Vistara,BOM-BLR,2026-09-26
